evid,latitude,longitude,depth,time,mag
1,35.96383023185684,-117.68564400675483,2.884861006426986,2000-12-13T15:01:00.776811672,1.0
2,36.05627137329504,-117.8444329042751,4.126800658158454,2000-12-13T15:02:01.054060821,1.0
3,35.89504705627552,-117.72528729679478,5.975069019281003,2000-12-13T15:03:00.864490179,1.0
4,35.895421309067984,-117.72804425375183,4.728122540702645,2000-12-13T15:04:01.071511128,1.0
5,35.91049376512659,-117.70066917290109,6.634437768436549,2000-12-13T15:05:00.877407017,1.0
6,35.66663110168569,-117.51789596240121,7.539320370945417,2000-12-13T15:06:01.085836845,1.0
7,35.560423199347355,-117.32609657666205,3.5438889999506373,2000-12-13T15:07:00.990937305,1.0
8,36.037198957617214,-117.86431320753901,3.7162310605667166,2000-12-13T15:08:00.993944479,1.0
9,35.95457845445668,-117.68634905995513,3.152184249382708,2000-12-13T15:09:00.893135528,1.0
10,35.587776084313106,-117.59789738739957,7.087231348284074,2000-12-13T15:10:01.369037024,1.0
11,35.93742448030366,-117.66767977584036,3.917954854582489,2000-12-13T15:11:00.322246661,1.0
12,35.583129384836795,-117.60990504304323,5.597276923688625,2000-12-13T15:12:01.175925092,1.0
13,35.91032691723607,-117.67430082906272,3.8322402546065417,2000-12-13T15:13:00.912391844,1.0
14,35.673308092151366,-117.47201277773019,5.187701253123423,2000-12-13T15:14:00.935329739,1.0
15,35.70078486488399,-117.52150622629402,7.0374827680155185,2000-12-13T15:15:00.864092448,1.0
16,35.684179959095324,-117.4785662525196,2.8584657267738924,2000-12-13T15:16:01.022371944,1.0
17,35.87436175982956,-117.6760612248613,7.3237190347702,2000-12-13T15:17:00.832376485,1.0
18,35.65461545417176,-117.53828323839761,8.668548018202712,2000-12-13T15:18:00.899712673,1.0
19,35.62801252010694,-117.42990429571891,6.1858359060436285,2000-12-13T15:19:01.034231107,1.0
20,35.88830975226487,-117.67754225183948,4.851803621932557,2000-12-13T15:20:01.113122451,1.0
21,35.58469298724342,-117.42351163744765,4.475135947721157,2000-12-13T15:21:01.533228801,1.0
22,35.58857031785407,-117.5769762258969,6.7978606028923165,2000-12-13T15:22:01.045187643,1.0
23,35.700978070496646,-117.51993359845018,7.80517943983199,2000-12-13T15:23:00.818894043,1.0
24,35.920346301795604,-117.70621647509546,6.871590261047715,2000-12-13T15:24:00.949720546,1.0
25,35.879614102525736,-117.68530133841367,7.448762811141988,2000-12-13T15:25:00.977540088,1.0
26,35.64264998501931,-117.44782495294794,7.559186999573144,2000-12-13T15:26:00.962047071,1.0
27,35.60831442267424,-117.59047539140454,5.606059580668826,2000-12-13T15:27:00.788361870,1.0
28,35.871242389011414,-117.70562278476187,5.257270102904672,2000-12-13T15:28:01.200766693,1.0
29,35.866550322797714,-117.68763782281309,5.491915508682524,2000-12-13T15:29:01.209007500,1.0
30,35.5662238839914,-117.59378489083191,6.944952293922336,2000-12-13T15:30:01.171948275,1.0
31,35.66188135455815,-117.49001323653424,4.586895215728079,2000-12-13T15:31:01.056624763,1.0
32,35.67942483930124,-117.48114950754035,5.697649387345539,2000-12-13T15:32:00.971520356,1.0
33,35.96149103962097,-117.70554540019657,3.7210689402973975,2000-12-13T15:33:00.798017283,1.0
34,35.72398805446473,-117.54557706262496,5.715262927417596,2000-12-13T15:34:00.807907481,1.0
35,35.86475926064502,-117.69618122298546,5.959692018609644,2000-12-13T15:35:00.990151623,1.0
36,35.89784104142856,-117.74831314695898,6.673317013586986,2000-12-13T15:36:00.760686530,1.0
37,35.709742380483206,-117.5896678423411,7.055162637438138,2000-12-13T15:37:00.745621198,1.0
38,35.653263982762745,-117.49623632999422,7.29149272579346,2000-12-13T15:38:00.987923311,1.0
39,35.756810455376765,-117.56385799942511,6.125940449518305,2000-12-13T15:39:01.120835008,1.0
40,35.91719187758783,-117.71150010854994,4.707982511552882,2000-12-13T15:40:01.168139210,1.0
41,35.874236893207026,-117.69575040568274,3.9541145561060342,2000-12-13T15:41:00.812884297,1.0
42,35.67912949462014,-117.49478464896211,0.6268897564616419,2000-12-13T15:42:01.196597922,1.0
43,35.87969322308106,-117.6882276256301,7.38953367208764,2000-12-13T15:43:00.971143571,1.0
44,35.94855691137273,-117.69531247345563,4.819257188993067,2000-12-13T15:44:00.996200947,1.0
45,35.657533681565354,-117.48623419238142,5.437540837444858,2000-12-13T15:45:01.147160550,1.0
46,35.604426877358485,-117.58343407169032,4.763565268513321,2000-12-13T15:46:01.100465103,1.0
47,35.86521310554154,-117.683377850497,8.930109989524963,2000-12-13T15:47:01.153169221,1.0
48,35.72941595664524,-117.53429774351117,3.670144072759829,2000-12-13T15:48:00.563619396,1.0
49,35.91113416733471,-117.71784224192388,4.103821802593784,2000-12-13T15:49:01.081059086,1.0
50,35.59744199498467,-117.59678825358581,4.392405495912455,2000-12-13T15:50:01.171201178,1.0
51,35.9818513766433,-117.67830953716835,2.86310547865158,2000-12-13T15:51:01.249136605,1.0
52,35.6628939077079,-117.50010479163372,5.189526340923561,2000-12-13T15:52:01.438764851,1.0
53,35.94770241025659,-117.69537507499108,3.862541658697525,2000-12-13T15:53:00.874584056,1.0
54,35.69545451468629,-117.54735457610609,8.061997054067927,2000-12-13T15:54:01.053906895,1.0
55,35.952241989260024,-117.69835526774592,3.8567609341949805,2000-12-13T15:55:01.160674019,1.0
56,35.74710772821955,-117.53310161611539,7.017018125769661,2000-12-13T15:56:00.975329371,1.0
57,35.99043083023376,-117.67678371657335,2.4303318237323754,2000-12-13T15:57:00.926527681,1.0
58,35.751899819209875,-117.57794005675872,8.264240848383114,2000-12-13T15:58:01.066904162,1.0
59,35.92930196490245,-117.6993813687846,4.7911125623224695,2000-12-13T15:59:01.043931967,1.0
60,35.875942408909886,-117.69259175808106,4.277510214823031,2000-12-13T16:00:01.067555225,1.0
61,35.89178044027127,-117.72409152262635,6.252089919363312,2000-12-13T16:01:00.659483161,1.0
62,35.63279627590173,-117.43063173988735,2.8771805045260517,2000-12-13T16:02:01.022675410,1.0
63,35.869910630187334,-117.6711940238553,9.490858363199946,2000-12-13T16:03:00.590615996,1.0
64,35.624910414835014,-117.59447071307181,7.764693945700778,2000-12-13T16:04:01.294853095,1.0
65,36.04522157577037,-117.84405950447604,3.7195525729657577,2000-12-13T16:05:01.096430107,1.0
66,35.597070366967884,-117.59228419856004,5.038437048294996,2000-12-13T16:06:00.897635336,1.0
67,35.640839465488504,-117.44473047356517,4.5194776998063535,2000-12-13T16:07:00.873310985,1.0
68,35.92240584556841,-117.71715949887506,5.549731490866473,2000-12-13T16:08:00.959347860,1.0
69,35.64677441575768,-117.4448316471013,3.7255267850573204,2000-12-13T16:09:00.830672639,1.0
70,35.7161031299818,-117.5363785790637,8.042166652372837,2000-12-13T16:10:00.871675903,1.0
71,35.72152782110993,-117.52888493182556,5.884460255356256,2000-12-13T16:11:01.222596941,1.0
72,35.66700786882924,-117.51836890224465,8.205082862301861,2000-12-13T16:12:00.814710961,1.0
73,35.91819466822164,-117.68865916255449,4.602396664037457,2000-12-13T16:13:01.237278909,1.0
74,35.91973986823243,-117.73009846608412,5.0718033190094625,2000-12-13T16:14:01.254394360,1.0
75,35.74237742701442,-117.56846070434486,4.393635047494659,2000-12-13T16:15:01.163542734,1.0
76,35.590449431146425,-117.42998532525708,4.703500524129428,2000-12-13T16:16:01.113997986,1.0
77,35.95169511219561,-117.68033106822506,3.335255067131852,2000-12-13T16:17:00.807980425,1.0
78,35.91951833724812,-117.72015702218314,6.418736969062712,2000-12-13T16:18:00.877569284,1.0
79,35.90104745773159,-117.67721234357776,4.33927027513953,2000-12-13T16:19:00.861191565,1.0
80,35.64580457030533,-117.47449145638033,4.704239058055494,2000-12-13T16:20:00.808586121,1.0
81,35.63795640010724,-117.42909819298633,5.581102713048333,2000-12-13T16:21:00.972550178,1.0
82,35.594543290266714,-117.41850438781611,5.387466613594746,2000-12-13T16:22:01.066030419,1.0
83,35.66266943902592,-117.47032193707615,2.674213137969206,2000-12-13T16:23:00.677978069,1.0
84,35.67465974680039,-117.45099190947684,4.783597840195683,2000-12-13T16:24:00.938396207,1.0
85,35.86164387880749,-117.6996844223122,4.977792201286525,2000-12-13T16:25:01.008488872,1.0
86,35.66672033188925,-117.4741422760232,6.046238712735483,2000-12-13T16:26:00.903034023,1.0
87,35.70424649142182,-117.53977400656466,4.94001678414212,2000-12-13T16:27:01.035618275,1.0
88,35.892828023418346,-117.69057503225629,4.169164012310915,2000-12-13T16:28:00.959453009,1.0
89,35.88420928457014,-117.70654215632031,4.879465380085669,2000-12-13T16:29:01.163871354,1.0
90,35.62220785907797,-117.4353023099005,6.03665298786765,2000-12-13T16:30:01.168844605,1.0
91,35.90267365464069,-117.677048331018,3.0480454961649275,2000-12-13T16:31:00.680941674,1.0
92,35.666092085566284,-117.48503002007789,2.402077254761298,2000-12-13T16:32:01.355374185,1.0
93,35.943854507781566,-117.69672713016767,3.543672156302807,2000-12-13T16:33:00.987894684,1.0
94,35.64435823329537,-117.45099637654423,2.259104446922416,2000-12-13T16:34:00.936503461,1.0
95,35.89334657526389,-117.70942402907632,6.937393978074141,2000-12-13T16:35:00.743294442,1.0
96,35.717209091929966,-117.48166544396888,5.3945083063968235,2000-12-13T16:36:00.834679120,1.0
97,35.668316440825464,-117.48057756319322,2.782669647679439,2000-12-13T16:37:00.755168300,1.0
98,35.88059373065591,-117.68867853868754,7.318160097876542,2000-12-13T16:38:01.254791465,1.0
99,35.93049751973136,-117.71161131385563,6.929598746947846,2000-12-13T16:39:00.528139841,1.0
100,35.64475287581212,-117.44302657769867,2.508147824408311,2000-12-13T16:40:00.759561246,1.0
101,36.016492520821885,-117.84642070862424,3.036868868397151,2000-12-13T16:41:01.156760694,1.0
102,35.77246450590388,-117.56204374269295,6.338821348910111,2000-12-13T16:42:00.852891381,1.0
103,35.89010150184926,-117.7157529637158,4.71870711857611,2000-12-13T16:43:01.253086662,1.0
104,35.96021787627136,-117.67227749861664,0.1489647041902716,2000-12-13T16:44:00.976037764,1.0
105,35.68089597743176,-117.54972610116775,7.137314852183564,2000-12-13T16:45:00.846849565,1.0
106,35.88264030259695,-117.68193494447202,4.882261666325772,2000-12-13T16:46:01.164331552,1.0
107,35.921300853466825,-117.73256310122612,4.074159822270912,2000-12-13T16:47:00.906587712,1.0
108,35.64098038848782,-117.47733004076632,6.423552784829921,2000-12-13T16:48:01.043618993,1.0
109,35.73070736540062,-117.52287724289745,5.96960374611734,2000-12-13T16:49:01.143453265,1.0
110,35.58960882492173,-117.41597481424358,4.944444020472507,2000-12-13T16:50:00.837316917,1.0
111,35.92278741536621,-117.71266826442037,4.6833478841536005,2000-12-13T16:51:01.068063170,1.0
112,35.69065942042289,-117.59754010978102,7.970012588986331,2000-12-13T16:52:00.770561444,1.0
113,35.71669842240862,-117.53405328970493,6.553386552649115,2000-12-13T16:53:00.889752711,1.0
114,35.90438945739108,-117.69427547743273,4.334212846377688,2000-12-13T16:54:01.443572396,1.0
115,35.58680004292104,-117.41114732218342,5.1495784499663735,2000-12-13T16:55:00.936268970,1.0
116,35.88306517151986,-117.68809694574604,6.929692971790089,2000-12-13T16:56:00.935480266,1.0
117,35.821988237367464,-117.6400339945014,4.568076909733969,2000-12-13T16:57:01.302805465,1.0
118,35.675577582547454,-117.52147905506722,7.812241517086119,2000-12-13T16:58:00.596679696,1.0
119,35.56545146124188,-117.62216092439402,6.091921040287458,2000-12-13T16:59:01.062891165,1.0
120,35.71493695760204,-117.49527924810972,5.805603561136065,2000-12-13T17:00:00.937312834,1.0
121,35.71343166421089,-117.57436934100944,8.68103608294574,2000-12-13T17:01:00.997578419,1.0
122,35.669916941586564,-117.48310217248637,4.9788112480106905,2000-12-13T17:02:01.270720273,1.0
123,35.69683972522556,-117.51080499066519,9.652009136206864,2000-12-13T17:03:00.809432201,1.0
124,35.70405763166603,-117.55165887139708,8.167647639753277,2000-12-13T17:04:00.900945293,1.0
125,35.887995961214486,-117.68578139955372,4.793845921646474,2000-12-13T17:05:01.095695599,1.0
126,35.57954780582535,-117.41933632304396,4.183107307631184,2000-12-13T17:06:01.113174690,1.0
127,35.88416178721245,-117.68091558437374,7.945535068861022,2000-12-13T17:07:01.229856621,1.0
128,35.93177746040356,-117.68250249338269,2.5105688150034284,2000-12-13T17:08:01.341460195,1.0
129,35.728255306234786,-117.5306443248036,6.3948175161417895,2000-12-13T17:09:01.238253740,1.0
130,35.55950677971707,-117.33041644103162,4.283053022559728,2000-12-13T17:10:00.828823861,1.0
131,35.70990862450637,-117.50341189095094,4.692989519724939,2000-12-13T17:11:01.348257134,1.0
132,35.89807162842152,-117.72637067281933,6.83405417738547,2000-12-13T17:12:01.270169635,1.0
133,35.61438343035799,-117.41894675376174,4.269196563251838,2000-12-13T17:13:00.492048762,1.0
134,36.0523565842135,-117.85476329975187,2.756576620975761,2000-12-13T17:14:01.078722224,1.0
135,35.61951362840933,-117.43119510431198,6.571999266160661,2000-12-13T17:15:01.108111235,1.0
136,35.57572475219597,-117.60365522899392,6.028741095443726,2000-12-13T17:16:01.056612101,1.0
137,35.60201755058846,-117.423570109992,5.099331485631847,2000-12-13T17:17:01.089635453,1.0
138,35.81855730527526,-117.65727548682234,4.949165074662227,2000-12-13T17:18:01.134464586,1.0
139,35.6205383092691,-117.42196079574595,6.914508307992192,2000-12-13T17:19:00.755292944,1.0
140,35.88508374631305,-117.68351862382063,8.208542156923208,2000-12-13T17:20:00.981736381,1.0
141,35.7209456841704,-117.55463790768415,7.160566121404041,2000-12-13T17:21:00.870771246,1.0
142,35.65502195182475,-117.4711810292104,2.5229380083611264,2000-12-13T17:22:00.929952184,1.0
143,35.69505842549947,-117.59081199412154,9.224957047809394,2000-12-13T17:23:01.054494840,1.0
144,35.91085285791942,-117.72045098332191,8.38139351723724,2000-12-13T17:24:01.103048469,1.0
145,35.71650665734319,-117.5765660396975,8.429583904645272,2000-12-13T17:25:01.307634390,1.0
146,35.918369727543016,-117.72220049415102,4.109119043026052,2000-12-13T17:26:01.212339870,1.0
147,35.60266667184522,-117.45449356229548,3.4699455207194516,2000-12-13T17:27:00.623002320,1.0
148,35.88424051446309,-117.7118996331712,7.240557719227932,2000-12-13T17:28:00.877432440,1.0
149,35.66665553576631,-117.47503630856531,3.338285485276521,2000-12-13T17:29:01.091856708,1.0
150,35.89498863536614,-117.68759988002519,4.402974905845377,2000-12-13T17:30:01.098778703,1.0
151,35.89895047168644,-117.68336590548932,4.697069059267101,2000-12-13T17:31:00.973490432,1.0
152,35.941364888047964,-117.7043149282973,4.820384359806597,2000-12-13T17:32:01.297714037,1.0
153,35.886944675899755,-117.67578740571905,5.722766770571777,2000-12-13T17:33:01.343878125,1.0
154,35.92405335336452,-117.7168186472984,4.824161040252292,2000-12-13T17:34:00.886455378,1.0
155,35.92737767409703,-117.7201072113409,7.165669876830242,2000-12-13T17:35:00.671332386,1.0
156,35.57657912880979,-117.6240325537903,5.8224765073744615,2000-12-13T17:36:01.023208024,1.0
157,35.595245284648485,-117.42057968140219,4.604127389776486,2000-12-13T17:37:01.073663760,1.0
158,35.626446881626784,-117.42671014530409,4.425793614685421,2000-12-13T17:38:01.020815591,1.0
159,35.88010435650782,-117.70978380741425,4.8313446636781645,2000-12-13T17:39:00.880410271,1.0
160,35.736542228522765,-117.53593665948641,6.829013870696333,2000-12-13T17:40:01.112365594,1.0
161,35.68325866269303,-117.53125758832829,9.97765627941822,2000-12-13T17:41:01.123834006,1.0
162,35.668726442486424,-117.48767590266067,3.8534983095519753,2000-12-13T17:42:00.848709589,1.0
163,35.96820420890282,-117.70697228608559,2.9065599929415336,2000-12-13T17:43:01.197982785,1.0
164,35.90410901787731,-117.74611270660365,7.65282122877796,2000-12-13T17:44:00.711093538,1.0
165,35.923327419560664,-117.70899254348348,3.801254486321458,2000-12-13T17:45:01.063031927,1.0
166,35.75280770017682,-117.56066018172665,6.989589548882979,2000-12-13T17:46:00.796333389,1.0
167,36.06063886704537,-117.84578428858747,3.149914188998767,2000-12-13T17:47:01.243857206,1.0
168,36.055313872353445,-117.85336362861051,3.4642016793419015,2000-12-13T17:48:00.852922598,1.0
169,35.703996542574345,-117.52633256800785,6.493107561798593,2000-12-13T17:49:00.497698519,1.0
170,35.57124329054254,-117.62230457087838,6.055891479310132,2000-12-13T17:50:00.802018657,1.0
171,35.6713836543947,-117.47794703622287,1.4338373267099684,2000-12-13T17:51:01.097471291,1.0
172,35.90280986330319,-117.70118294051277,3.891962561082852,2000-12-13T17:52:00.751953143,1.0
173,35.66699097598169,-117.47704728770702,0.5020834734447291,2000-12-13T17:53:01.150109252,1.0
174,35.657286202625535,-117.5286424756205,9.405115366744067,2000-12-13T17:54:01.077979734,1.0
175,35.72080340278323,-117.5449607295277,8.165039411941677,2000-12-13T17:55:00.904933832,1.0
176,35.75792929730196,-117.57261940233589,5.43535794269695,2000-12-13T17:56:01.195129013,1.0
177,35.91102738642305,-117.69335090611766,4.973088576660722,2000-12-13T17:57:01.313606334,1.0
178,35.66345505112077,-117.4944298493613,3.258471221024675,2000-12-13T17:58:01.106562327,1.0
179,35.971207162851286,-117.70728964251589,5.188015403558642,2000-12-13T17:59:00.752329022,1.0
180,35.59148046881785,-117.41916727360633,5.0745603302732905,2000-12-13T18:00:00.967385109,1.0
181,35.90615263690684,-117.75246917513843,5.842102992904481,2000-12-13T18:01:01.113258098,1.0
182,35.93288201621815,-117.71332436824235,6.215448994037748,2000-12-13T18:02:00.854084393,1.0
183,35.691891424977456,-117.51211000012083,5.779910778163392,2000-12-13T18:03:00.459750451,1.0
184,35.97374395641463,-117.66367003177837,3.5347369905191597,2000-12-13T18:04:00.806883439,1.0
185,35.93210891727762,-117.68937006155377,3.7929028839169265,2000-12-13T18:05:01.269903701,1.0
186,35.890225021303,-117.69489431739267,7.333783900917856,2000-12-13T18:06:01.184604277,1.0
187,35.94799973693767,-117.69526742587296,4.131712927851059,2000-12-13T18:07:00.993549862,1.0
188,35.93056063288852,-117.70408102654044,3.8873037306013956,2000-12-13T18:08:00.763711215,1.0
189,35.9166938848628,-117.72609850093853,7.059490693640806,2000-12-13T18:09:00.920280032,1.0
190,35.7126917690894,-117.55380620251006,5.525878951606198,2000-12-13T18:10:00.913668674,1.0
191,35.60221305620671,-117.5772412001936,5.071882904278584,2000-12-13T18:11:00.944221213,1.0
192,35.897446110932194,-117.67863484786118,4.310847152577185,2000-12-13T18:12:01.145509129,1.0
193,35.87037896875238,-117.69004222772408,7.223088865519157,2000-12-13T18:13:00.949563998,1.0
194,35.970947764135666,-117.66502471837634,3.136471423980455,2000-12-13T18:14:00.806914923,1.0
195,35.682072984637884,-117.5180260457107,8.638945904410333,2000-12-13T18:15:01.108091708,1.0
196,35.66435318894179,-117.45551477550862,6.730672375562341,2000-12-13T18:16:01.436157439,1.0
197,35.63230587257209,-117.47946779997963,5.429501029887198,2000-12-13T18:17:00.542423527,1.0
198,35.66790977919834,-117.51572535356817,7.496916182734891,2000-12-13T18:18:01.303002366,1.0
199,35.891132421927914,-117.6702029308682,7.762394676846704,2000-12-13T18:19:00.973035873,1.0
200,36.047374721827005,-117.8529899845627,2.8415180548977923,2000-12-13T18:20:01.096029561,1.0
201,35.65909579393662,-117.48661009551638,3.2480785528268705,2000-12-13T18:21:01.133264782,1.0
202,35.64905386599425,-117.51005448106778,4.614839017289088,2000-12-13T18:22:00.781771347,1.0
203,35.899902551574925,-117.6785560173457,4.561759998430744,2000-12-13T18:23:00.904312818,1.0
204,35.70510100211225,-117.50693538786827,7.003183086024518,2000-12-13T18:24:00.950798585,1.0
205,35.90548303846707,-117.720335951039,5.129561815296578,2000-12-13T18:25:00.866761744,1.0
206,35.88860649901269,-117.68054417630626,4.507933540254201,2000-12-13T18:26:01.189765774,1.0
207,35.97590188989956,-117.66262363348906,3.4687334277898954,2000-12-13T18:27:01.023706510,1.0
208,35.74960544295087,-117.58850892562135,7.26084416465371,2000-12-13T18:28:01.067791648,1.0
209,35.92788886238202,-117.72070801521535,5.244497071965025,2000-12-13T18:29:00.775096280,1.0
210,35.918949762601976,-117.73339250448115,4.884442625625266,2000-12-13T18:30:00.787249172,1.0
211,35.726709214836056,-117.54749847454158,5.238544871564312,2000-12-13T18:31:01.137369993,1.0
212,35.97302299974339,-117.66352894073198,3.490541541576145,2000-12-13T18:32:01.305168088,1.0
213,35.91669561469306,-117.71900311418065,2.869278393367942,2000-12-13T18:33:00.939097316,1.0
214,35.5981194773679,-117.59005588660705,4.776870888800394,2000-12-13T18:34:00.799428439,1.0
215,35.5752402981628,-117.60089493116931,6.863291658407208,2000-12-13T18:35:00.931505048,1.0
216,35.952252191707196,-117.7160198488935,4.1577853114541075,2000-12-13T18:36:01.175242563,1.0
217,36.054359666282274,-117.84190733484466,4.013275759615623,2000-12-13T18:37:01.012102771,1.0
218,35.930364013326766,-117.70412899496165,3.9617837109767566,2000-12-13T18:38:00.663099399,1.0
219,35.71264467133061,-117.54191910838004,4.200172474683555,2000-12-13T18:39:01.029808734,1.0
220,35.6572876921458,-117.4852523002841,3.3884596162216547,2000-12-13T18:40:00.936088872,1.0
221,35.944304415431176,-117.69188715294355,2.411881596313496,2000-12-13T18:41:01.112268658,1.0
222,35.899947651004126,-117.75255414135373,6.796289901953611,2000-12-13T18:42:00.985357965,1.0
223,35.90747254942671,-117.68273640908163,4.759238314590204,2000-12-13T18:43:01.018677854,1.0
224,36.05100767281747,-117.83914945420099,3.566659410848443,2000-12-13T18:44:00.782059172,1.0
225,36.048397440833256,-117.85042022887865,4.272917740834327,2000-12-13T18:45:01.127892777,1.0
226,35.67831153567399,-117.54273807054521,8.025883125230788,2000-12-13T18:46:00.804494961,1.0
227,35.87822374556112,-117.6904008027316,6.882372879777413,2000-12-13T18:47:00.664970281,1.0
228,35.911638180589186,-117.71864049683661,4.5513801603069455,2000-12-13T18:48:01.193022394,1.0
229,36.04673666267034,-117.85368289897164,3.8962468435844957,2000-12-13T18:49:00.874263680,1.0
230,35.91844937544411,-117.70399391579942,5.848520963754908,2000-12-13T18:50:00.891981105,1.0
231,35.60197295689995,-117.46214600168813,4.505272704473451,2000-12-13T18:51:01.170040226,1.0
232,35.58093990210785,-117.36067973025443,4.933806883706621,2000-12-13T18:52:01.382256501,1.0
233,35.58062655227487,-117.62953166796194,5.718428157065348,2000-12-13T18:53:00.964044653,1.0
234,35.90207599917218,-117.69943830409738,7.670877034997193,2000-12-13T18:54:01.113139490,1.0
235,35.687238139302224,-117.49523715960292,1.1999969464733116,2000-12-13T18:55:00.951246583,1.0
236,35.61284616153808,-117.58335916835836,3.4697733812734315,2000-12-13T18:56:00.871355152,1.0
237,35.60821761427069,-117.43643701994564,6.097158119575856,2000-12-13T18:57:01.249099959,1.0
238,35.87676968182248,-117.70024090295387,7.7940177322609,2000-12-13T18:58:01.089618743,1.0
239,35.88006531771126,-117.66726747806563,3.3537430366870837,2000-12-13T18:59:01.121139146,1.0
240,35.67714006231585,-117.52481904937223,9.047241155093168,2000-12-13T19:00:01.278448549,1.0
241,35.782045047395044,-117.57039881076317,7.705446420451031,2000-12-13T19:01:01.081023913,1.0
242,35.9869702967467,-117.67468215023281,2.5435144850160722,2000-12-13T19:02:01.275095459,1.0
243,35.62954681566736,-117.425727320849,4.143089801270593,2000-12-13T19:03:01.021565189,1.0
244,35.95453782336274,-117.70925287690852,3.8750088758359538,2000-12-13T19:04:00.869093237,1.0
245,35.96478308294283,-117.71609537657713,3.5447055796312217,2000-12-13T19:05:00.891241138,1.0
246,35.91506108330203,-117.70297078262057,5.047132654327631,2000-12-13T19:06:00.875179261,1.0
247,35.96616167110288,-117.65582628179541,3.572133585852536,2000-12-13T19:07:00.748759431,1.0
248,35.92808847943463,-117.69839391904172,4.291181225114009,2000-12-13T19:08:01.384070230,1.0
249,35.68056995260592,-117.50958009233172,9.552642794541057,2000-12-13T19:09:00.867931037,1.0
250,35.668699350870995,-117.48142190835439,6.263008084771984,2000-12-13T19:10:01.204360972,1.0
251,35.705599123328234,-117.53589792355255,8.020006856177178,2000-12-13T19:11:00.849215382,1.0
252,35.89276193090476,-117.72239047564149,7.857637827971396,2000-12-13T19:12:00.848738889,1.0
253,35.67941440780339,-117.47122138888798,8.653650405460697,2000-12-13T19:13:01.121316519,1.0
254,35.675511268271144,-117.47942240138043,4.554281644886649,2000-12-13T19:14:00.539288714,1.0
255,35.59023745750812,-117.39991000331133,7.278296214258216,2000-12-13T19:15:00.639926293,1.0
256,35.94070224700321,-117.67639255845899,4.705844816865242,2000-12-13T19:16:01.234392293,1.0
257,35.68858602711357,-117.49073831754005,2.0478253224636447,2000-12-13T19:17:00.903167723,1.0
258,35.74095740311723,-117.56862525428791,3.286365566182768,2000-12-13T19:18:00.866252229,1.0
259,35.73355796725912,-117.53448642439024,7.165734565536022,2000-12-13T19:19:00.529876751,1.0
260,35.902257608838305,-117.66496072492849,4.1000038236091765,2000-12-13T19:20:01.175721072,1.0
261,35.923467467680744,-117.72943620199035,4.505111679430131,2000-12-13T19:21:01.056070288,1.0
262,35.61020537347566,-117.40835787954796,3.70506621072336,2000-12-13T19:22:00.894957752,1.0
263,35.915171328299785,-117.73135278142566,7.298558205519429,2000-12-13T19:23:01.205895494,1.0
264,35.883423656373516,-117.70864354973456,5.494887572919535,2000-12-13T19:24:00.721862649,1.0
265,35.59751623940631,-117.42337180244033,5.007720776797944,2000-12-13T19:25:00.683748265,1.0
266,35.698797875353094,-117.51552934639159,5.982415824825207,2000-12-13T19:26:00.925952814,1.0
267,36.05653034301024,-117.8512174318254,3.1914741362718724,2000-12-13T19:27:01.003962589,1.0
268,35.725470092748786,-117.54836668891953,6.9848124653243815,2000-12-13T19:28:01.022593106,1.0
269,35.62057631850614,-117.43007702266344,4.4875998427015125,2000-12-13T19:29:01.210993918,1.0
270,35.922732435435776,-117.7309353302651,2.3073111941267603,2000-12-13T19:30:00.867157320,1.0
271,35.64842111794458,-117.43689722290146,5.246945999316018,2000-12-13T19:31:01.268379627,1.0
272,35.684001984436016,-117.52683514976951,8.241248577411952,2000-12-13T19:32:01.303118639,1.0
273,35.653392832247356,-117.47728984569108,6.526406756062235,2000-12-13T19:33:01.232191305,1.0
274,35.65331665038388,-117.45315717061405,1.2953063889271097,2000-12-13T19:34:00.836696575,1.0
275,35.63626266554686,-117.44858017925337,3.4316288447927272,2000-12-13T19:35:01.171967403,1.0
276,35.92452433160254,-117.70392176320591,4.276587488079724,2000-12-13T19:36:00.873476911,1.0
277,35.969670272640045,-117.6649661808069,3.624996561431159,2000-12-13T19:37:00.875107004,1.0
278,35.60784415009745,-117.42855612685067,4.683997100906859,2000-12-13T19:38:00.886372176,1.0
279,35.95235029365753,-117.70408450673678,4.5566202531404665,2000-12-13T19:39:00.968451244,1.0
280,35.88514582276872,-117.68184658091829,5.58493473533059,2000-12-13T19:40:01.118332864,1.0
281,35.65286931674672,-117.46418474745363,4.8993663138334345,2000-12-13T19:41:01.355829082,1.0
282,35.57881408227843,-117.60953990799024,5.46359464776298,2000-12-13T19:42:01.073433513,1.0
283,35.60148389649702,-117.43072462509376,5.401687271503193,2000-12-13T19:43:01.144242491,1.0
284,35.587638781851275,-117.42080865400104,5.783934794426019,2000-12-13T19:44:01.022640565,1.0
285,35.72955303655969,-117.5716032641501,4.580527891648953,2000-12-13T19:45:00.824827783,1.0
286,35.98204752461054,-117.67862353371626,0.8551585400843783,2000-12-13T19:46:01.223961838,1.0
287,35.88382979678833,-117.67044767395686,8.558277625930659,2000-12-13T19:47:00.868374265,1.0
288,35.89135222656276,-117.7215440909934,6.431201176068717,2000-12-13T19:48:01.022033934,1.0
289,35.95175952768831,-117.71047477027554,4.920802660588712,2000-12-13T19:49:01.244922810,1.0
290,35.712095498607766,-117.49092340338728,5.347833511865829,2000-12-13T19:50:00.831208209,1.0
291,35.62698151361633,-117.41998595559097,5.777587473523643,2000-12-13T19:51:00.901749512,1.0
292,35.675640582977486,-117.4812469536557,0.5650746813572824,2000-12-13T19:52:01.392116807,1.0
293,35.917496944260044,-117.69657269142778,4.468346545658446,2000-12-13T19:53:01.156989707,1.0
294,35.89695206700755,-117.69803525632406,6.963369769648235,2000-12-13T19:54:00.882224683,1.0
295,35.92035916094962,-117.7046008584316,3.8984451805556035,2000-12-13T19:55:00.807465506,1.0
296,35.691232891378284,-117.54040109786284,8.632191152219963,2000-12-13T19:56:00.414225013,1.0
297,35.92078189261808,-117.6928545195063,3.8239270382566053,2000-12-13T19:57:00.852080667,1.0
298,35.69810264466465,-117.52830582595935,7.453093191373684,2000-12-13T19:58:01.494934411,1.0
299,35.71907000415166,-117.51954453910415,4.3609092221066765,2000-12-13T19:59:01.085522080,1.0
300,35.692508219315286,-117.54045560650044,8.392175582678133,2000-12-13T20:00:01.110498603,1.0
301,35.71296215685272,-117.58011993905491,6.650017936770147,2000-12-13T20:01:00.679837071,1.0
302,35.62953697187075,-117.4259592174935,4.567632904251638,2000-12-13T20:02:01.625656911,1.0
303,35.764097959425555,-117.57696395112313,7.321766381468556,2000-12-13T20:03:01.092042695,1.0
304,35.983635723523,-117.66577968129332,3.6509031460905397,2000-12-13T20:04:00.627579140,1.0
305,35.88411729620943,-117.6783121648524,4.739280421441267,2000-12-13T20:05:00.939535723,1.0
306,35.63986255177176,-117.44222299320776,3.6741482818486912,2000-12-13T20:06:01.238160901,1.0
307,35.913266099449565,-117.69479719640724,5.092640176422904,2000-12-13T20:07:00.884164724,1.0
308,35.91829361421711,-117.6907298007411,4.710145208903056,2000-12-13T20:08:00.872493722,1.0
309,35.645518512177034,-117.50163870397955,7.19878506136776,2000-12-13T20:09:00.937678761,1.0
310,35.60879684409219,-117.41561657361486,5.222530643564732,2000-12-13T20:10:01.208210000,1.0
311,35.594977690314,-117.60299262006882,4.0305791714832155,2000-12-13T20:11:01.034882316,1.0
312,35.60573528240981,-117.59614253391625,4.8547482107930895,2000-12-13T20:12:00.859274125,1.0
313,35.59944687770814,-117.38025633566205,6.208965287369392,2000-12-13T20:13:01.401530832,1.0
314,35.62603150012096,-117.42105969278815,3.2954159905935887,2000-12-13T20:14:00.896118438,1.0
315,35.71114910455998,-117.50324716555599,5.669974239287852,2000-12-13T20:15:01.114966923,1.0
316,35.735544418618474,-117.53399221796825,5.321956680072075,2000-12-13T20:16:01.412220522,1.0
317,36.06713601146836,-117.85184478751744,4.474766258604441,2000-12-13T20:17:01.239713984,1.0
318,35.943233220577696,-117.69176247797094,5.437049622549427,2000-12-13T20:18:01.181504162,1.0
319,35.92959739264043,-117.70365701549522,4.141624760956569,2000-12-13T20:19:00.955147197,1.0
320,35.88969719992601,-117.72803650687423,6.8471665545311176,2000-12-13T20:20:00.918919584,1.0
321,35.93928978938348,-117.70054920215414,4.618119774890935,2000-12-13T20:21:01.080301092,1.0
322,35.600351944712095,-117.5994336451772,4.750366186998826,2000-12-13T20:22:01.071622420,1.0
323,35.70899636260373,-117.55004253927366,6.181668989431208,2000-12-13T20:23:00.923667797,1.0
324,35.672586313003386,-117.47384282008016,4.22972605861277,2000-12-13T20:24:00.881107904,1.0
325,35.61384721043086,-117.59674021284368,7.778126039795207,2000-12-13T20:25:01.078783210,1.0
326,35.97938497216087,-117.66521929858422,3.7715642155385454,2000-12-13T20:26:00.913152229,1.0
327,35.75656445453181,-117.567207126074,5.660459080140326,2000-12-13T20:27:01.237743558,1.0
328,35.743016563965135,-117.57472892706417,6.420948419117666,2000-12-13T20:28:01.181841672,1.0
329,35.90218083629953,-117.71423137800355,7.048235364060618,2000-12-13T20:29:00.985033528,1.0
330,35.90367890655874,-117.71507038806635,6.6937995370764005,2000-12-13T20:30:01.003775459,1.0
331,35.66913330925834,-117.47566037784479,1.1041957655350245,2000-12-13T20:31:00.909119858,1.0
332,35.90177408811816,-117.70091230326523,4.482460707563136,2000-12-13T20:32:01.046100582,1.0
333,35.87887090596478,-117.68026460485568,4.018042132615635,2000-12-13T20:33:00.748935473,1.0
334,35.59858902892886,-117.42938808273745,8.272882944181008,2000-12-13T20:34:01.135034962,1.0
335,35.92168167980087,-117.717792574713,4.303641112732282,2000-12-13T20:35:01.226661573,1.0
336,35.61591691009047,-117.44092897782691,6.655916004403307,2000-12-13T20:36:01.166220720,1.0
337,35.627513978664474,-117.43264168249786,6.557795639461549,2000-12-13T20:37:00.839183391,1.0
338,35.89280114801902,-117.69957357367237,6.994240013337809,2000-12-13T20:38:01.005790848,1.0
339,35.731050746578134,-117.57173534683221,7.588477320717494,2000-12-13T20:39:01.025559909,1.0
340,35.62921629967385,-117.42349326556858,4.547733473887439,2000-12-13T20:40:00.832439473,1.0
341,35.881119504887174,-117.70526114517071,3.42461868630531,2000-12-13T20:41:01.056821567,1.0
342,35.90406258345119,-117.73440426692173,8.023355867219657,2000-12-13T20:42:00.657706867,1.0
343,35.8506069565785,-117.67804606419769,7.276833221718288,2000-12-13T20:43:01.396925237,1.0
344,35.68663605881728,-117.50024436735097,4.5680097202884244,2000-12-13T20:44:00.957172343,1.0
345,35.626141135081156,-117.42370619339472,3.83185053514808,2000-12-13T20:45:00.914929035,1.0
346,35.89796244271081,-117.69658106981994,4.836956189824696,2000-12-13T20:46:00.749243400,1.0
347,35.61569495181834,-117.57836798270023,5.025080522840555,2000-12-13T20:47:00.751416589,1.0
348,35.9463136681154,-117.67803127139715,3.499688263767121,2000-12-13T20:48:01.036979953,1.0
349,36.057156862990304,-117.85718778105245,4.735903200721966,2000-12-13T20:49:01.024678096,1.0
350,35.65754306904359,-117.50288391188192,5.340521556628805,2000-12-13T20:50:01.113760408,1.0
351,35.91297552813016,-117.68416559539858,3.6768242665135826,2000-12-13T20:51:00.954789770,1.0
352,35.88226812899108,-117.68121574426904,2.621782407698741,2000-12-13T20:52:01.190099780,1.0
353,35.625501094592344,-117.43408051218024,3.2079782861060204,2000-12-13T20:53:01.058274154,1.0
354,35.84775482319056,-117.66518562528606,4.649857059580951,2000-12-13T20:54:01.188356633,1.0
355,35.94038835189764,-117.7060840558099,3.6712129842542547,2000-12-13T20:55:01.051720920,1.0
356,35.75283467032226,-117.54205985391324,4.982016237481575,2000-12-13T20:56:00.812550074,1.0
357,35.60937624445915,-117.46505089088043,5.504966337792064,2000-12-13T20:57:01.254124611,1.0
358,35.97408835382562,-117.6721738645482,3.4444122344374644,2000-12-13T20:58:01.004976668,1.0
359,35.944157963529015,-117.6977476715531,4.273848998937094,2000-12-13T20:59:00.813393262,1.0
360,35.71299942170689,-117.55957716069925,6.267173022701526,2000-12-13T21:00:00.788858665,1.0
361,35.83482013582531,-117.66091977261702,3.8033935787195348,2000-12-13T21:01:00.781432398,1.0
362,36.063525465406684,-117.84962874301941,3.0223235325318387,2000-12-13T21:02:00.574263443,1.0
363,36.029316818469056,-117.87478211561167,1.593896077833202,2000-12-13T21:03:01.038440820,1.0
364,35.579889936888506,-117.61744117156847,5.788641506709713,2000-12-13T21:04:00.693901307,1.0
365,35.690776186660045,-117.52365603144102,7.593037934243777,2000-12-13T21:05:01.019900184,1.0
366,35.975495159229915,-117.66369049180489,3.3414662095868946,2000-12-13T21:06:00.946939179,1.0
367,35.907200919952906,-117.69492673022876,4.850966643314577,2000-12-13T21:07:01.220056612,1.0
368,35.599801069579165,-117.59358444890121,5.9447916153513045,2000-12-13T21:08:00.880334023,1.0
369,35.93136414931477,-117.69327150317952,4.850938148702601,2000-12-13T21:09:00.940578437,1.0
370,35.829917796475954,-117.65527502809435,5.620326018674614,2000-12-13T21:10:01.046244460,1.0
371,35.61400658775609,-117.44959039331752,4.484593945771261,2000-12-13T21:11:00.807189532,1.0
372,35.646421784715905,-117.45260710442163,6.062645786521034,2000-12-13T21:12:01.024464109,1.0
373,35.66808462170781,-117.46652036620813,7.019681849067779,2000-12-13T21:13:00.817253435,1.0
374,35.93189925500755,-117.69654116096939,3.2445263281628756,2000-12-13T21:14:01.078377552,1.0
375,35.651547166332136,-117.4689977897087,3.4802648119388184,2000-12-13T21:15:01.042535070,1.0
376,35.66172809728933,-117.47717488496114,2.0705922448626892,2000-12-13T21:16:00.733331564,1.0
377,35.89178393396376,-117.72502171100439,5.4957931115475835,2000-12-13T21:17:01.412948010,1.0
378,35.702328529077086,-117.59341005477049,8.047077056303532,2000-12-13T21:18:00.987847531,1.0
379,36.032588137576205,-117.85673397032025,3.1870139874388688,2000-12-13T21:19:00.902696117,1.0
380,35.63230374556546,-117.46011187950813,4.3087257169761815,2000-12-13T21:20:01.343025283,1.0
381,35.91886585861828,-117.73913840097956,4.379990626584814,2000-12-13T21:21:00.637872168,1.0
382,35.57487682638213,-117.6180612864945,5.297989611347564,2000-12-13T21:22:01.214480608,1.0
383,35.588210944177945,-117.34576980910511,5.874487648511654,2000-12-13T21:23:01.074574398,1.0
384,35.6415050825425,-117.44542896311631,2.5387684906096215,2000-12-13T21:24:01.030770886,1.0
385,35.87684558315994,-117.71452536142748,5.137671220586162,2000-12-13T21:25:01.019375425,1.0
386,35.94427465721837,-117.6958603456507,4.067139914552499,2000-12-13T21:26:00.874411019,1.0
387,35.89341479322067,-117.67842509553434,3.3546643598770727,2000-12-13T21:27:00.832855825,1.0
388,35.89822405837027,-117.66388049725985,5.99555706384294,2000-12-13T21:28:01.005495936,1.0
389,35.90371323157229,-117.69548410434196,4.680675085619289,2000-12-13T21:29:01.046225255,1.0
390,35.90585705143638,-117.73777257366314,5.091529398130823,2000-12-13T21:30:00.914143876,1.0
391,35.59576337218527,-117.42663508705576,4.211159423094815,2000-12-13T21:31:01.109153678,1.0
392,35.88620164463673,-117.68898975309276,4.768929788693912,2000-12-13T21:32:00.689107872,1.0
393,35.62903190983527,-117.45902175944119,3.604633025218236,2000-12-13T21:33:00.992980052,1.0
394,35.62657639799133,-117.45176895137921,6.331909893087049,2000-12-13T21:34:01.006401703,1.0
395,35.89531250794421,-117.66380641853,3.7602844768290504,2000-12-13T21:35:00.955340663,1.0
396,35.87010517220246,-117.69796002418482,4.136215855114839,2000-12-13T21:36:00.865222340,1.0
397,35.59797472701567,-117.42581163920553,5.267673431784894,2000-12-13T21:37:00.965040171,1.0
398,35.697170421662605,-117.53406321285898,9.358004544128924,2000-12-13T21:38:00.940475195,1.0
399,35.94273969362367,-117.69210143742939,3.7964354221800507,2000-12-13T21:39:00.828029435,1.0
400,35.59607635733656,-117.60350002911466,5.304003754590819,2000-12-13T21:40:00.998718083,1.0
401,35.88068081082507,-117.68427077470947,7.212136788169187,2000-12-13T21:41:00.891830377,1.0
402,35.90102736239837,-117.74383206834803,5.750625256377162,2000-12-13T21:42:00.867682353,1.0
403,35.61299957285313,-117.44053554276618,3.652313675120954,2000-12-13T21:43:01.163994573,1.0
404,35.602613481622726,-117.58575167789378,4.125537340737199,2000-12-13T21:44:00.924434098,1.0
405,35.90222549741552,-117.67733398448591,2.698595397484057,2000-12-13T21:45:01.071698683,1.0
406,35.960969270589075,-117.70678041459637,3.5325920002880866,2000-12-13T21:46:00.990776384,1.0
407,35.93506954036736,-117.69018259801061,4.03059820361258,2000-12-13T21:47:00.996140068,1.0
408,35.64982848534011,-117.44966314176634,3.34568147142769,2000-12-13T21:48:01.052324840,1.0
409,35.667844431919335,-117.5317212912342,9.160569089495521,2000-12-13T21:49:00.929803876,1.0
410,35.63318817837283,-117.42498431911028,5.06820119014955,2000-12-13T21:50:00.765594427,1.0
411,35.82343465157165,-117.65535388521374,3.692339227180453,2000-12-13T21:51:01.284428273,1.0
412,35.64814955181741,-117.44461113643095,5.030874342325845,2000-12-13T21:52:01.323281326,1.0
413,35.63164387528198,-117.44924474176631,4.3964115080122275,2000-12-13T21:53:00.895636518,1.0
414,35.69310412039263,-117.53654954070262,8.537449780227949,2000-12-13T21:54:00.708898598,1.0
415,35.97295619952372,-117.66896024181062,4.049556974697189,2000-12-13T21:55:00.995802624,1.0
416,36.04347861846071,-117.84480194602133,2.1792585388038193,2000-12-13T21:56:00.886514813,1.0
417,35.97929373538018,-117.66724193114854,2.7321424071312537,2000-12-13T21:57:01.336061964,1.0
418,35.988640564308135,-117.67114480934056,2.4002149007129434,2000-12-13T21:58:00.848134370,1.0
419,35.65813649061621,-117.53347739229274,9.625656221903514,2000-12-13T21:59:00.868340777,1.0
420,35.59678853630675,-117.38572563467258,6.4676519279077365,2000-12-13T22:00:00.946543636,1.0
421,35.6078698226509,-117.4081338659867,5.339291528252066,2000-12-13T22:01:00.807620424,1.0
422,36.05115498586278,-117.85305734122807,3.472627582220481,2000-12-13T22:02:00.809105570,1.0
423,35.592580308725566,-117.42205447514421,5.276315237203659,2000-12-13T22:03:01.181714783,1.0
424,35.893981164772626,-117.69507477168787,4.397818961347725,2000-12-13T22:04:00.958195600,1.0
425,35.894083317352404,-117.67677724229624,7.806922759057372,2000-12-13T22:05:01.096188140,1.0
426,35.67516282309085,-117.48690513720447,1.3342970732847839,2000-12-13T22:06:01.089924054,1.0
427,35.67659437297369,-117.48558726044226,0.08970793951818815,2000-12-13T22:07:01.040049413,1.0
428,35.95967498434979,-117.70163059311321,3.655205742294729,2000-12-13T22:08:01.435782529,1.0
429,35.90825018315265,-117.6911579240188,4.591091767680788,2000-12-13T22:09:00.983818287,1.0
430,35.673714021255414,-117.49218542602729,2.0586843413867757,2000-12-13T22:10:01.157030795,1.0
431,35.76133660945487,-117.57563025143477,7.889620701242453,2000-12-13T22:11:01.105912055,1.0
432,35.63525176023231,-117.43226352452768,4.978350573216196,2000-12-13T22:12:00.788233906,1.0
433,35.67328128425155,-117.51668460991387,8.1854592701305,2000-12-13T22:13:00.651339466,1.0
434,36.041856249307195,-117.87106285912171,3.732143182362586,2000-12-13T22:14:00.997013411,1.0
435,35.93407934593047,-117.70262761537414,3.487531376066675,2000-12-13T22:15:00.946292316,1.0
436,35.667386393613036,-117.53027266197098,9.469821410078804,2000-12-13T22:16:01.045583321,1.0
437,35.91963844378185,-117.73042208642266,6.704609198845298,2000-12-13T22:17:01.172771668,1.0
438,35.62634899073461,-117.42871366421643,5.384615859898695,2000-12-13T22:18:01.176677914,1.0
439,35.652544998763396,-117.45251859239806,6.889723558239249,2000-12-13T22:19:01.007421902,1.0
440,35.61547455786905,-117.46873963405734,4.887622506506732,2000-12-13T22:20:00.885154589,1.0
441,35.90402969250603,-117.72441138223101,6.9541362841439005,2000-12-13T22:21:01.011889566,1.0
442,35.77178310640661,-117.56265517366175,6.6357652574593065,2000-12-13T22:22:00.719283280,1.0
443,35.97111897350077,-117.65279017167796,2.810816109955097,2000-12-13T22:23:01.024828858,1.0
444,35.7032452512063,-117.49999437674896,5.2934654016251885,2000-12-13T22:24:00.928641886,1.0
445,35.7378622600097,-117.55814922646577,4.511627948966196,2000-12-13T22:25:01.155775730,1.0
446,35.70087416914572,-117.50676090523586,7.2852949092943495,2000-12-13T22:26:01.098841150,1.0
447,35.90817346387408,-117.67370916789733,3.7584249587075464,2000-12-13T22:27:01.058482677,1.0
448,35.57991952933645,-117.61511802140473,5.726534214305857,2000-12-13T22:28:00.906473469,1.0
449,35.57307748977722,-117.34333513440353,3.5072470265104423,2000-12-13T22:29:00.928960980,1.0
450,35.96469150689128,-117.65951069562482,4.391693022954836,2000-12-13T22:30:01.243724804,1.0
451,35.571945244933346,-117.59766593619945,6.2298215530957135,2000-12-13T22:31:00.912470111,1.0
452,35.93114157370511,-117.7111481362036,6.898069610802147,2000-12-13T22:32:01.139017450,1.0
453,35.66650231729043,-117.48850751325534,3.42806320890723,2000-12-13T22:33:01.114406748,1.0
454,35.9166324111719,-117.68987903932421,3.7864954468145053,2000-12-13T22:34:00.836465461,1.0
455,35.818489974447516,-117.65167575383343,4.0502017014647835,2000-12-13T22:35:00.994138503,1.0
456,35.67212279231292,-117.54236998768204,9.029098257235454,2000-12-13T22:36:01.180207580,1.0
457,35.65039125961768,-117.44978465047642,3.0484481444843157,2000-12-13T22:37:01.139550369,1.0
458,35.698602148624374,-117.5823948823499,8.755196089689399,2000-12-13T22:38:01.112199230,1.0
459,35.62608588444845,-117.43313958836353,6.596055846699636,2000-12-13T22:39:01.027128110,1.0
460,35.577295773581085,-117.60814879220659,5.781436801058552,2000-12-13T22:40:00.744061197,1.0
461,35.67515062592991,-117.51557356624964,7.673997549500731,2000-12-13T22:41:01.245168320,1.0
462,35.769190335760655,-117.57428937210815,6.709901775873493,2000-12-13T22:42:01.050746417,1.0
463,35.76136867307736,-117.5628414938746,7.111977827734857,2000-12-13T22:43:00.756115890,1.0
464,35.59354348590158,-117.41025687474215,7.372286643144504,2000-12-13T22:44:00.842137849,1.0
465,35.96314195453518,-117.71536250985685,4.389525111469373,2000-12-13T22:45:00.789659251,1.0
466,35.899932275239095,-117.70241286195518,7.818390415539473,2000-12-13T22:46:00.994534473,1.0
467,35.72853083917823,-117.56179055469372,7.7873338989530305,2000-12-13T22:47:01.077082963,1.0
468,35.90458532969936,-117.68732817497944,4.422333927315023,2000-12-13T22:48:00.671305959,1.0
469,35.87921159862525,-117.68709076148046,5.673926248576276,2000-12-13T22:49:00.956663119,1.0
470,35.76903370031235,-117.5723129891554,6.330247485831635,2000-12-13T22:50:01.094904151,1.0
471,35.58579672000628,-117.61111878798022,7.370852755000846,2000-12-13T22:51:00.747477328,1.0
472,35.694313527669344,-117.51334520581136,6.689854374439218,2000-12-13T22:52:01.089263759,1.0
473,35.568099749664846,-117.36094281416074,5.182878186948891,2000-12-13T22:53:01.196266829,1.0
474,35.88551565784007,-117.70227535747546,5.946951292207743,2000-12-13T22:54:00.943302796,1.0
475,35.67503691853616,-117.48452233888618,1.4111132145383494,2000-12-13T22:55:00.718198917,1.0
476,35.911115755059384,-117.69438792260314,4.123351877548209,2000-12-13T22:56:00.916641450,1.0
477,35.67232727010379,-117.45338716734025,5.6934984218350975,2000-12-13T22:57:01.174347048,1.0
478,35.7481707776285,-117.57173871862665,7.528428650745998,2000-12-13T22:58:01.032885141,1.0
479,36.06665455062302,-117.85101861867018,4.206060453855642,2000-12-13T22:59:01.047266480,1.0
480,35.653001402032146,-117.52003855004016,9.463153064309681,2000-12-13T23:00:00.905773434,1.0
481,36.06108940829122,-117.85129065916327,3.301036515547389,2000-12-13T23:01:01.426461334,1.0
482,35.872942044290404,-117.67583716957441,5.566934935440398,2000-12-13T23:02:00.965580580,1.0
483,35.907309715772826,-117.68619007043856,8.34229369974773,2000-12-13T23:03:01.069330482,1.0
484,35.633409962578995,-117.44552122215902,4.553543850610415,2000-12-13T23:04:01.041903382,1.0
485,35.655850878355714,-117.46210033020937,4.808779474752449,2000-12-13T23:05:01.023507443,1.0
486,35.87150311732029,-117.68566835151668,5.180543463444359,2000-12-13T23:06:01.319061905,1.0
487,35.829012854950186,-117.65868217707843,4.696347501965672,2000-12-13T23:07:00.796048629,1.0
488,35.89718430678476,-117.68237377112973,3.5109091629760893,2000-12-13T23:08:01.071559887,1.0
489,35.57274606769644,-117.63101963496509,6.467311579317806,2000-12-13T23:09:01.186360257,1.0
490,35.57706430445961,-117.35430458418647,3.4485106557971075,2000-12-13T23:10:01.019966683,1.0
491,35.90216383723466,-117.71871591658504,3.803146537628894,2000-12-13T23:11:00.800424639,1.0
492,35.67940905234461,-117.51061815209913,8.11102807866451,2000-12-13T23:12:00.951111593,1.0
493,35.92231913152791,-117.70769751337512,4.639824114425932,2000-12-13T23:13:01.115623827,1.0
494,35.69617683183925,-117.58606445831936,6.054090472099892,2000-12-13T23:14:01.309818449,1.0
495,35.95695694397629,-117.69655131690728,4.035201011606625,2000-12-13T23:15:01.110862928,1.0
496,35.89389891276753,-117.70701277693169,8.237662447184466,2000-12-13T23:16:00.962916398,1.0
497,35.641329844896724,-117.45507958185944,6.3733492578043744,2000-12-13T23:17:00.963842842,1.0
498,35.939588606333125,-117.6954113009512,4.621045371727975,2000-12-13T23:18:01.161873718,1.0
499,35.675478712182056,-117.5196081708137,8.995892111826645,2000-12-13T23:19:00.812741090,1.0
500,35.61642392589103,-117.431310770392,6.6941811133231575,2000-12-13T23:20:00.931651887,1.0
501,35.63868654503649,-117.44382083267132,4.264714004161724,2000-12-13T23:21:01.172188922,1.0
502,35.69139146626817,-117.52866662811944,7.751787726979589,2000-12-13T23:22:00.986784635,1.0
503,35.599801192343726,-117.42103708744368,8.801355354996623,2000-12-13T23:23:01.067351534,1.0
504,35.63778071448861,-117.45014684699493,6.027411005388515,2000-12-13T23:24:00.878918122,1.0
505,35.90281969643717,-117.69392641892807,5.245518975019605,2000-12-13T23:25:00.891254076,1.0
506,35.66603800400675,-117.47349955341785,4.159429702615051,2000-12-13T23:26:00.856002054,1.0
507,35.93182031141586,-117.68365281150125,3.586996234441162,2000-12-13T23:27:00.526267286,1.0
508,36.05318066549659,-117.83987407432227,2.760268992329163,2000-12-13T23:28:01.069362504,1.0
509,35.56633319177639,-117.36688355258822,3.4759556901584845,2000-12-13T23:29:01.235577690,1.0
510,35.98429098029582,-117.66657229825434,3.375038560708799,2000-12-13T23:30:01.381986958,1.0
511,35.88309788709212,-117.6788772735321,7.704733237959893,2000-12-13T23:31:01.024777438,1.0
512,35.613980557007395,-117.40238903779232,5.521730407636896,2000-12-13T23:32:00.930173358,1.0
513,35.65918703849985,-117.47999180402014,5.453205233026898,2000-12-13T23:33:01.031465181,1.0
514,35.92244958585558,-117.7106392206,4.174523062590161,2000-12-13T23:34:01.072198407,1.0
515,35.8813649583647,-117.69048358442423,7.358566716781085,2000-12-13T23:35:00.845475141,1.0
516,36.05855393529225,-117.83776821416674,3.0379359335918004,2000-12-13T23:36:00.734132100,1.0
517,35.898920925249776,-117.7368898871472,6.562296716122273,2000-12-13T23:37:01.025042389,1.0
518,35.67166257646533,-117.52616978208933,7.915594411770535,2000-12-13T23:38:00.924707568,1.0
519,35.90349087263636,-117.67206462109301,3.3310055552463096,2000-12-13T23:39:01.044798859,1.0
520,35.720652686631404,-117.5517236886587,4.762513813390573,2000-12-13T23:40:00.963012276,1.0
521,35.95299560746116,-117.68165835922775,4.178413812069698,2000-12-13T23:41:00.950917883,1.0
522,35.882703902658044,-117.70795087259374,8.466587020120816,2000-12-13T23:42:01.181833019,1.0
523,35.95361074221116,-117.70696135096355,5.001535499229555,2000-12-13T23:43:01.209053874,1.0
524,35.58029948142984,-117.41633607294413,5.337858672700306,2000-12-13T23:44:00.936126842,1.0
525,35.755416955125774,-117.58138787833938,6.396084960684982,2000-12-13T23:45:01.094604364,1.0
526,35.68530483424023,-117.51526516162544,7.32705293825479,2000-12-13T23:46:01.186160471,1.0
527,35.674244017616275,-117.52536443248998,7.714060469282369,2000-12-13T23:47:00.766751555,1.0
528,35.89901216565726,-117.69077871320239,5.7051752822578905,2000-12-13T23:48:01.105176828,1.0
529,35.88764338818042,-117.68834535817489,3.0818287946721705,2000-12-13T23:49:00.837144459,1.0
530,35.964657261379,-117.71787868736172,3.7619028868681488,2000-12-13T23:50:00.911557934,1.0
531,35.91539516653153,-117.73444572185383,4.430931202449758,2000-12-13T23:51:01.464882307,1.0
532,35.68013464012368,-117.51483875479734,6.170075406229814,2000-12-13T23:52:01.000720635,1.0
533,36.06845963597705,-117.84167697518265,3.9177454370401987,2000-12-13T23:53:00.772537653,1.0
534,35.70246382037222,-117.49824503001454,5.294975650015757,2000-12-13T23:54:01.065014803,1.0
535,36.02577712374205,-117.86172877934074,3.1700516328821555,2000-12-13T23:55:01.418226577,1.0
536,35.64458792909533,-117.44142519444665,6.308351439610075,2000-12-13T23:56:01.096091698,1.0
537,35.7711200181551,-117.57465187506841,7.100363878357338,2000-12-13T23:57:00.774301961,1.0
538,35.86203712294968,-117.6657866159123,8.041683974898852,2000-12-13T23:58:00.679695481,1.0
539,35.91263505103766,-117.73150533317522,6.15973064119554,2000-12-13T23:59:01.056661054,1.0
540,35.63063101247344,-117.42760498622005,3.941103402194705,2000-12-14T00:00:01.016603253,1.0
541,35.90360789291461,-117.70551644850964,8.739293450449864,2000-12-14T00:01:00.754699517,1.0
542,35.94318445173292,-117.70747419764027,3.8980808476006885,2000-12-14T00:02:00.936643404,1.0
543,35.63065344092772,-117.45377255800794,5.741340168483959,2000-12-14T00:03:01.061424582,1.0
544,35.69470281968207,-117.53914160048656,10.45657582339406,2000-12-14T00:04:01.120985046,1.0
545,35.574590313176685,-117.33872615434854,3.763626732873708,2000-12-14T00:05:00.961717266,1.0
546,35.67877483509835,-117.46967412633273,5.943177829226177,2000-12-14T00:06:01.051190043,1.0
547,35.89064835120704,-117.71769795420936,5.305788556280082,2000-12-14T00:07:00.898474485,1.0
548,35.87917872201323,-117.69383984142263,7.513593954692692,2000-12-14T00:08:01.073961399,1.0
549,35.78293085198254,-117.56856905008578,5.3830590392692015,2000-12-14T00:09:00.740781350,1.0
550,35.929587708684714,-117.70195918149453,3.538526045430983,2000-12-14T00:10:00.976894282,1.0
551,36.061993319516745,-117.86006923101694,3.519864576607441,2000-12-14T00:11:01.091968861,1.0
552,35.87948611648189,-117.69742778700932,7.161701045949415,2000-12-14T00:12:00.798789484,1.0
553,35.72051848486981,-117.52445136234516,4.921621154191932,2000-12-14T00:13:01.239093436,1.0
554,35.67048070285882,-117.47944739032273,4.176410780051249,2000-12-14T00:14:01.239970218,1.0
555,35.88199119433481,-117.72707105126337,4.864318943991754,2000-12-14T00:15:01.006365364,1.0
556,36.03964425361995,-117.86193466808311,2.474264032334692,2000-12-14T00:16:01.177940197,1.0
557,35.67034302508759,-117.5154716083151,4.11355744359099,2000-12-14T00:17:01.306000691,1.0
558,35.719048119415945,-117.58256509163934,7.192606999659722,2000-12-14T00:18:00.580273643,1.0
559,35.930778888083964,-117.69285499840583,3.532171538658581,2000-12-14T00:19:00.556885686,1.0
560,35.889373188619054,-117.73759292451389,5.662049837529945,2000-12-14T00:20:01.024847678,1.0
561,35.74641704580907,-117.55887946445178,4.687169618612255,2000-12-14T00:21:01.282171827,1.0
562,35.9168690680335,-117.71052840283082,4.4788341177670095,2000-12-14T00:22:00.882351287,1.0
563,36.03054454235428,-117.83746444275866,3.990868935370243,2000-12-14T00:23:00.727312369,1.0
564,35.61933952707478,-117.45417161639045,5.838934929431503,2000-12-14T00:24:00.785259018,1.0
565,35.87293970718462,-117.6967661410032,6.752392937789212,2000-12-14T00:25:01.000046974,1.0
566,35.64307966379551,-117.4544760815604,3.361514526921489,2000-12-14T00:26:01.050060239,1.0
567,35.68725512493255,-117.51951961867984,7.627632386896607,2000-12-14T00:27:00.621427409,1.0
568,35.68168820743687,-117.5157745544226,7.0353595410737615,2000-12-14T00:28:00.747743476,1.0
569,35.94171251901201,-117.69232423688403,3.5171837532119805,2000-12-14T00:29:00.819934779,1.0
570,35.92508710368821,-117.71026056972529,3.9335078038841087,2000-12-14T00:30:01.065436604,1.0
571,35.891210946480605,-117.70498081544932,6.325078934692997,2000-12-14T00:31:01.462577256,1.0
572,35.69116734597797,-117.5406500292917,8.79682640427214,2000-12-14T00:32:00.896293214,1.0
573,35.88732506641904,-117.68530562729316,7.164399635839357,2000-12-14T00:33:01.020497336,1.0
574,35.702270709311414,-117.49838295747313,8.14532071106968,2000-12-14T00:34:01.139437405,1.0
575,36.040695696434355,-117.86643590416676,2.291373386388014,2000-12-14T00:35:00.944539993,1.0
576,35.597321894337405,-117.58867600933324,5.738450721793057,2000-12-14T00:36:00.810920533,1.0
577,35.67363862860186,-117.50700180365051,8.06213310902152,2000-12-14T00:37:01.108392445,1.0
578,35.89667255601623,-117.68966650782905,4.00482616598438,2000-12-14T00:38:01.127438667,1.0
579,35.84275513048959,-117.66658505165624,3.9645862734206347,2000-12-14T00:39:01.231172360,1.0
580,35.8879458061084,-117.73595575210118,6.683207531164699,2000-12-14T00:40:00.952388563,1.0
581,35.63479442662095,-117.44860610892508,4.041970011905856,2000-12-14T00:41:00.706664885,1.0
582,35.9066453596936,-117.69642723661266,5.859343945289047,2000-12-14T00:42:01.303436603,1.0
583,35.66040767933372,-117.53149131026483,10.141260282013079,2000-12-14T00:43:00.803129385,1.0
584,35.652651689885374,-117.45928629741071,0.9907134109938217,2000-12-14T00:44:00.854514265,1.0
585,35.98385056390005,-117.66658370009661,3.1316662144169287,2000-12-14T00:45:00.559329288,1.0
586,35.99097889388125,-117.66120680782028,3.288490136095734,2000-12-14T00:46:00.874773500,1.0
587,35.91790303313898,-117.7136131593755,5.900734516327558,2000-12-14T00:47:01.003012501,1.0
588,35.91847829236571,-117.7322352388687,5.0732785368118725,2000-12-14T00:48:01.013880314,1.0
589,35.98032154413087,-117.67221545232886,1.366675337785201,2000-12-14T00:49:00.876895465,1.0
590,35.62003524952231,-117.45388037254239,4.961339062304931,2000-12-14T00:50:01.173709890,1.0
591,35.61171282871479,-117.41636111369984,6.002910202863331,2000-12-14T00:51:00.663181837,1.0
592,35.87950667282467,-117.68894592444042,7.378936267541336,2000-12-14T00:52:01.119204511,1.0
593,35.582502148500524,-117.41616804146078,5.073520240757371,2000-12-14T00:53:01.154619563,1.0
594,35.92350070052428,-117.66359051873239,4.036693601247326,2000-12-14T00:54:00.992428479,1.0
595,35.8939060384725,-117.68527332432492,9.12233459616919,2000-12-14T00:55:00.788831824,1.0
596,35.64376143171462,-117.44813316712448,4.186799352603328,2000-12-14T00:56:00.910352383,1.0
597,35.67710308629767,-117.50339239610045,5.544682478596458,2000-12-14T00:57:01.017136741,1.0
598,35.6583828103894,-117.4625016601333,2.3483987891079168,2000-12-14T00:58:00.900843827,1.0
599,35.8827165622628,-117.70637373693441,3.7241915692190948,2000-12-14T00:59:01.125452101,1.0
600,35.88139233655564,-117.69130549952462,8.444414594566068,2000-12-14T01:00:00.930052473,1.0
601,35.66856775811164,-117.49621121417069,2.8746204631542005,2000-12-14T01:01:00.988766101,1.0
602,35.95318676416286,-117.68394882524119,4.131331759456967,2000-12-14T01:02:01.137502370,1.0
603,35.562329152380606,-117.3524121210073,2.025007907632111,2000-12-14T01:03:01.080172215,1.0
604,35.74898423912104,-117.56701100059092,5.065071666832603,2000-12-14T01:04:01.202175383,1.0
605,35.713215542614705,-117.54228746863188,6.988839886747385,2000-12-14T01:05:01.216213717,1.0
606,35.575811494832706,-117.34123144019226,4.375250008967545,2000-12-14T01:06:01.304833271,1.0
607,35.9579066366394,-117.69530567161014,4.3963361455040895,2000-12-14T01:07:01.007701156,1.0
608,35.714689577594314,-117.54986002903948,3.922874075147385,2000-12-14T01:08:01.033403691,1.0
609,35.828271116999524,-117.63583434756224,3.862361657646272,2000-12-14T01:09:00.774390157,1.0
610,35.71317480058912,-117.5276872192775,7.832835387805579,2000-12-14T01:10:00.887572782,1.0
611,36.03818677670622,-117.87293896520927,3.392843759933724,2000-12-14T01:11:00.859840392,1.0
612,35.66261704814132,-117.48096435218396,6.675451526718288,2000-12-14T01:12:01.355365033,1.0
613,36.0529862824926,-117.85183223340006,1.9776200118430105,2000-12-14T01:13:01.073277207,1.0
614,35.70643694046752,-117.56116587817327,8.000561841623417,2000-12-14T01:14:01.161494044,1.0
615,35.60639033776366,-117.58139894648933,4.109891384845589,2000-12-14T01:15:00.910949086,1.0
616,35.687760537098434,-117.49999678571268,6.4717735944049695,2000-12-14T01:16:00.913018799,1.0
617,35.961795661363446,-117.6990628612759,3.9028869974264144,2000-12-14T01:17:01.006816969,1.0
618,35.643310681685534,-117.44848733655411,5.0839111441237685,2000-12-14T01:18:01.319478857,1.0
619,35.904624808282044,-117.72679181689871,5.995331634858188,2000-12-14T01:19:01.042684318,1.0
620,36.019596629303315,-117.8621867085437,3.376035618150023,2000-12-14T01:20:01.352675004,1.0
621,35.90787495574826,-117.68972516779232,4.80823487947967,2000-12-14T01:21:01.038808430,1.0
622,35.946024885272024,-117.69632997849922,4.044295048348718,2000-12-14T01:22:01.030594828,1.0
623,35.57721913825026,-117.60590272239979,5.614498229131997,2000-12-14T01:23:00.891780238,1.0
624,35.5845855834552,-117.35267512595624,4.673986510707592,2000-12-14T01:24:00.789856395,1.0
625,35.917682118140874,-117.72048013814205,6.161117679638688,2000-12-14T01:25:01.172634812,1.0
626,36.02913828644033,-117.85234255720336,3.322863730431168,2000-12-14T01:26:01.049470450,1.0
627,35.56967964430167,-117.59233267556358,7.244992067475068,2000-12-14T01:27:01.292952283,1.0
628,35.687856904381356,-117.53140041911826,8.910083941203828,2000-12-14T01:28:01.055413983,1.0
629,35.68231417587681,-117.51621277166517,8.501782656534012,2000-12-14T01:29:01.249355448,1.0
630,35.89432736856206,-117.71504067968696,7.86786087620398,2000-12-14T01:30:01.075974381,1.0
631,35.93235547934364,-117.72015550067906,3.0788052792889364,2000-12-14T01:31:01.071895301,1.0
632,35.693312506502004,-117.52053972595594,9.184101989729362,2000-12-14T01:32:01.134156029,1.0
633,35.69266403341929,-117.50725029640664,7.740051933686628,2000-12-14T01:33:01.027790788,1.0
634,35.618730346879005,-117.4330474525145,7.178272134833889,2000-12-14T01:34:01.009533975,1.0
635,35.91858533911665,-117.69371845968963,5.837688253354236,2000-12-14T01:35:01.068126210,1.0
636,35.82118635816719,-117.64931024487032,3.0856567194313658,2000-12-14T01:36:00.837209385,1.0
637,35.8839785014159,-117.684815527644,7.9692813477252615,2000-12-14T01:37:01.146109719,1.0
638,35.70368004353294,-117.56255338984279,8.622142929671442,2000-12-14T01:38:00.856545839,1.0
639,35.92041915547167,-117.7133628444625,6.579839689609138,2000-12-14T01:39:00.674317240,1.0
640,35.899870747582355,-117.72303308845625,4.228939654908439,2000-12-14T01:40:01.298115114,1.0
641,35.71682520586994,-117.51500295503777,4.849653798207424,2000-12-14T01:41:01.362943538,1.0
642,35.757757903891374,-117.56099161235483,5.538744746011545,2000-12-14T01:42:01.052693546,1.0
643,35.916014831789404,-117.73247754127634,4.183353545677152,2000-12-14T01:43:00.847011420,1.0
644,35.59588223326666,-117.42661903546816,5.7617873506378166,2000-12-14T01:44:01.014954762,1.0
645,35.92530014998341,-117.6794328841314,3.5822499016707683,2000-12-14T01:45:01.173998126,1.0
646,35.71638895852365,-117.5609327027039,6.753054084390593,2000-12-14T01:46:01.105082670,1.0
647,35.97707686975946,-117.66756142574397,4.057746772245403,2000-12-14T01:47:00.848632187,1.0
648,35.59512592701589,-117.42631673745294,5.623029859131363,2000-12-14T01:48:01.102866044,1.0
649,35.7417766364883,-117.55702778508464,4.851930318586112,2000-12-14T01:49:00.783215507,1.0
650,35.88995131029348,-117.73322861981194,5.596094222757077,2000-12-14T01:50:01.123500930,1.0
651,35.956062875607316,-117.70932262439784,4.9155395336887935,2000-12-14T01:51:00.948171540,1.0
652,35.66988028079029,-117.47328603953197,4.701042419999922,2000-12-14T01:52:01.222389406,1.0
653,35.6632367818814,-117.51500058079165,7.940872791642055,2000-12-14T01:53:01.084951495,1.0
654,35.95298172006785,-117.68749979363484,4.849296407611591,2000-12-14T01:54:00.793457854,1.0
655,35.58220509281802,-117.61849850115107,6.614907992134916,2000-12-14T01:55:00.961849338,1.0
656,35.895358863156716,-117.69495212111944,5.134194370081967,2000-12-14T01:56:00.523456511,1.0
657,35.93607301608055,-117.69956136444546,4.589012653092792,2000-12-14T01:57:01.076827441,1.0
658,35.891168202018484,-117.67814883633292,7.153725856832295,2000-12-14T01:58:00.640480324,1.0
659,35.67588238341926,-117.47042363369745,5.61267351413086,2000-12-14T01:59:01.058629751,1.0
660,35.66502548025787,-117.47656898862358,5.378048847112718,2000-12-14T02:00:00.824915966,1.0
661,35.669767230852,-117.47673122322348,2.841682032779608,2000-12-14T02:01:00.834986488,1.0
662,35.58442890685035,-117.35461231284955,4.600011220905229,2000-12-14T02:02:00.960599409,1.0
663,35.88464590539981,-117.67744452233114,5.4390529094478035,2000-12-14T02:03:00.974021325,1.0
664,35.908264141787654,-117.67590164016607,3.6085462593930315,2000-12-14T02:04:01.084378849,1.0
665,35.937278631894195,-117.69286244886298,3.5881553850488754,2000-12-14T02:05:01.077950016,1.0
666,35.6649810139999,-117.53098841550315,7.577409410274021,2000-12-14T02:06:01.069712210,1.0
667,36.045573138020345,-117.8663310359912,4.105215797571429,2000-12-14T02:07:01.168841552,1.0
668,35.897114474783685,-117.672778314424,4.684165545581303,2000-12-14T02:08:00.928752145,1.0
669,35.87861126157253,-117.71010185234033,4.553873363694728,2000-12-14T02:09:01.531187458,1.0
670,35.64001720748161,-117.4515620563871,3.8465722878572106,2000-12-14T02:10:01.250317243,1.0
671,35.86814204866298,-117.68052709007566,8.641848707149085,2000-12-14T02:11:00.892998325,1.0
672,35.6847059292941,-117.53216357876622,8.57227212189439,2000-12-14T02:12:00.861936297,1.0
673,35.83137613302737,-117.64096582239792,5.006444639952248,2000-12-14T02:13:01.095692318,1.0
674,36.0595251501983,-117.85078338139272,3.2128945266104627,2000-12-14T02:14:00.777533570,1.0
675,35.65352463764629,-117.52039653532702,8.491738504459278,2000-12-14T02:15:00.740612492,1.0
676,36.049382218160574,-117.85276074440358,3.7409178719650718,2000-12-14T02:16:00.968382712,1.0
677,35.68460436791005,-117.5399995156752,8.027606853073557,2000-12-14T02:17:01.114312610,1.0
678,35.62738940417099,-117.43465706942939,6.942160540753364,2000-12-14T02:18:01.203275471,1.0
679,35.915429513930285,-117.7126402004289,5.810635806522825,2000-12-14T02:19:00.998053166,1.0
680,35.74944783804541,-117.56036247059764,6.885219968444404,2000-12-14T02:20:01.046354998,1.0
681,35.60319056298328,-117.43194615424306,4.672024965491172,2000-12-14T02:21:00.831061661,1.0
682,35.77108332028669,-117.56071107546003,6.509617925822937,2000-12-14T02:22:01.234567291,1.0
683,35.89989168448099,-117.71354669834473,6.668137686932848,2000-12-14T02:23:00.634364358,1.0
684,35.69046590412803,-117.50662672763777,5.537861190770355,2000-12-14T02:24:01.120895391,1.0
685,35.618380264902484,-117.45548177536404,5.529219159086352,2000-12-14T02:25:00.832062609,1.0
686,35.63328387506834,-117.43093704129,4.252198208800613,2000-12-14T02:26:01.076712861,1.0
687,35.712074774557436,-117.56263269552208,5.965341236905934,2000-12-14T02:27:01.212055173,1.0
688,35.58517932650931,-117.42887741781429,4.87326107394834,2000-12-14T02:28:01.320776540,1.0
689,35.57097751619945,-117.61723774346005,6.400816409642076,2000-12-14T02:29:01.068664766,1.0
690,35.65378067151722,-117.43706004203104,2.3994208027538453,2000-12-14T02:30:00.951387537,1.0
691,35.894729391018956,-117.67840614318652,8.012945527987487,2000-12-14T02:31:00.718488769,1.0
692,35.70902899936927,-117.50741361480483,6.945151831037354,2000-12-14T02:32:00.683955526,1.0
693,35.69576423908738,-117.512974584294,8.180254310550751,2000-12-14T02:33:00.979810244,1.0
694,36.05851882173313,-117.84568348257882,3.259806425014526,2000-12-14T02:34:00.648271894,1.0
695,35.96312465175767,-117.67653647792343,4.845826992836341,2000-12-14T02:35:00.867519897,1.0
696,35.66890008673959,-117.52244148595749,10.41376646425889,2000-12-14T02:36:01.392449846,1.0
697,36.05573427281067,-117.83915694230468,2.73820200822852,2000-12-14T02:37:01.030070357,1.0
698,35.68565454659693,-117.51189262892868,8.223021089519913,2000-12-14T02:38:01.016046159,1.0
699,35.61247317210929,-117.58790566304204,6.038681143430875,2000-12-14T02:39:00.905640141,1.0
700,35.59034322148757,-117.40432451771545,7.589668257334939,2000-12-14T02:40:00.961819752,1.0
701,35.66386054738312,-117.48403974559834,1.4328405977934746,2000-12-14T02:41:01.258671646,1.0
702,35.746147302563294,-117.56436930655559,4.795114082098649,2000-12-14T02:42:01.158568202,1.0
703,35.59667804713602,-117.42443679296079,5.086239879469736,2000-12-14T02:43:01.250832630,1.0
704,35.74405655410609,-117.57424035606242,4.484004029491943,2000-12-14T02:44:01.219876988,1.0
705,35.88966371488127,-117.67712280957244,7.9485567351845345,2000-12-14T02:45:00.952651276,1.0
706,35.595360375335844,-117.44014973194359,6.3317660945602645,2000-12-14T02:46:01.296974966,1.0
707,35.68608044838062,-117.50861743787839,1.812659278430905,2000-12-14T02:47:01.081485624,1.0
708,35.61740676270512,-117.4521423036629,6.651924714342473,2000-12-14T02:48:00.979976192,1.0
709,36.02559389910748,-117.85253746264621,3.8615694306429824,2000-12-14T02:49:00.945282433,1.0
710,35.6660795256525,-117.46851064517095,4.635147222941451,2000-12-14T02:50:01.131421624,1.0
711,35.674690682061204,-117.48222035955959,6.249873121975212,2000-12-14T02:51:00.923023516,1.0
712,35.603601896561536,-117.47480348336916,4.535069515146438,2000-12-14T02:52:01.133932821,1.0
713,35.90300828752442,-117.70411030465092,6.434895779099307,2000-12-14T02:53:00.420649782,1.0
714,35.577794199748446,-117.3461163813522,3.644855525560031,2000-12-14T02:54:00.946232774,1.0
715,35.90966462445041,-117.74113005375847,4.208994281257363,2000-12-14T02:55:00.978850434,1.0
716,35.65662578724183,-117.49868342526999,5.413581741741577,2000-12-14T02:56:01.351822812,1.0
717,35.65406804532683,-117.51924438971587,9.319832220103002,2000-12-14T02:57:00.860697318,1.0
718,35.884421741249206,-117.6859819270382,6.956848197170687,2000-12-14T02:58:01.507446870,1.0
719,35.73257239124921,-117.56178148644442,4.707843449660385,2000-12-14T02:59:00.959433541,1.0
720,35.60066478709246,-117.42264124061057,5.716562743626724,2000-12-14T03:00:00.664420016,1.0
721,35.92509687102584,-117.71595310159921,3.9141842978268397,2000-12-14T03:01:00.986767422,1.0
722,36.05773507358495,-117.84157095793128,4.448447301079749,2000-12-14T03:02:01.071938125,1.0
723,35.8821541145777,-117.69514920406318,4.4711318336509756,2000-12-14T03:03:00.998285618,1.0
724,35.69264835250345,-117.52349885094573,7.133922161298292,2000-12-14T03:04:01.093498287,1.0
725,35.923391608141614,-117.72902821316299,4.159161479051183,2000-12-14T03:05:01.002843373,1.0
726,35.61476979859753,-117.45887258083737,5.217721717541801,2000-12-14T03:06:01.393872475,1.0
727,35.62309406868408,-117.42548268016418,2.8488015467124628,2000-12-14T03:07:01.018391728,1.0
728,35.82564802924865,-117.65410171516109,3.7771112343636,2000-12-14T03:08:01.706003831,1.0
729,35.663773572035375,-117.47866696394743,1.5915921549314886,2000-12-14T03:09:01.210253934,1.0
730,35.92506562307106,-117.71598157091086,3.9500023309584034,2000-12-14T03:10:00.934457374,1.0
731,35.90717901272878,-117.66582313012515,4.427855621642755,2000-12-14T03:11:01.006983182,1.0
732,35.90835963713353,-117.67932870859921,3.0154774883945517,2000-12-14T03:12:01.201211651,1.0
733,35.67642401662016,-117.47538028654805,2.9322870215197367,2000-12-14T03:13:00.947485640,1.0
734,35.671673166426324,-117.4814702099317,0.7185207718565352,2000-12-14T03:14:00.841094024,1.0
735,35.98273374576691,-117.67931937638632,3.0736092613230706,2000-12-14T03:15:01.147233117,1.0
736,35.91843363978304,-117.67053224473702,4.328110744147261,2000-12-14T03:16:00.916369468,1.0
737,35.869485707874446,-117.68372797958142,8.707667745950472,2000-12-14T03:17:01.143193498,1.0
738,35.87948542037156,-117.68129091644872,3.9333876679400013,2000-12-14T03:18:01.157875356,1.0
739,35.933256374574974,-117.7034525545711,3.555866029020704,2000-12-14T03:19:00.738314724,1.0
740,35.88608573753467,-117.73249896117137,6.893597792043509,2000-12-14T03:20:00.757663800,1.0
741,35.678083712262854,-117.46316156019753,7.144589294004683,2000-12-14T03:21:01.444642638,1.0
742,35.92543594567399,-117.72837482228083,5.78433676060941,2000-12-14T03:22:00.826399504,1.0
743,36.04651932067035,-117.86232484571791,0.44670689344230036,2000-12-14T03:23:01.076936247,1.0
744,35.67870338596113,-117.4729449868723,3.0370990355312433,2000-12-14T03:24:00.798513735,1.0
745,35.63872632597108,-117.43953552360117,4.132845351379139,2000-12-14T03:25:00.763778406,1.0
746,35.91476511763159,-117.68536016357388,4.587477061689772,2000-12-14T03:26:00.949855208,1.0
747,35.627604393196144,-117.43807730583674,5.046416449989642,2000-12-14T03:27:00.875993319,1.0
748,35.867844333373895,-117.69148757332692,4.857056557667311,2000-12-14T03:28:00.792387675,1.0
749,36.02576938598818,-117.8754772311947,3.4891723672243296,2000-12-14T03:29:00.912661931,1.0
750,35.88245173781365,-117.68936287478726,7.8249809218019735,2000-12-14T03:30:01.044708442,1.0
751,35.628574208695454,-117.4327241504168,3.5546720606817197,2000-12-14T03:31:01.076015580,1.0
752,35.63263434553592,-117.42974988738547,3.8449324545237595,2000-12-14T03:32:00.953997823,1.0
753,35.64867909838759,-117.49056753281187,4.182048761422755,2000-12-14T03:33:01.096918024,1.0
754,35.94278084309547,-117.69877990482904,4.360580333502634,2000-12-14T03:34:00.895535333,1.0
755,35.617124726273396,-117.43264184050479,6.986402282752918,2000-12-14T03:35:00.999280950,1.0
756,35.920930612321555,-117.71837770817123,3.271957611784125,2000-12-14T03:36:00.974064237,1.0
757,35.88086366823471,-117.71457671776952,4.495361455888449,2000-12-14T03:37:00.771988395,1.0
758,35.66690190412263,-117.50818587172441,4.824897896055515,2000-12-14T03:38:00.776177858,1.0
759,35.564431339473565,-117.31515143165399,4.079055597211509,2000-12-14T03:39:00.712627078,1.0
760,35.9555410092714,-117.69217156158965,5.601609767276795,2000-12-14T03:40:01.116160116,1.0
761,35.88014922279084,-117.70192988394288,5.295356716746815,2000-12-14T03:41:01.169142791,1.0
762,35.931651945728625,-117.69046786294852,4.272629302679759,2000-12-14T03:42:00.927615219,1.0
763,35.72787450217101,-117.52926096550446,7.176049502613787,2000-12-14T03:43:01.053274208,1.0
764,35.895295863080364,-117.70503357349209,7.071075444934867,2000-12-14T03:44:00.823932480,1.0
765,35.91485586998732,-117.6989966734942,4.016984957233106,2000-12-14T03:45:00.807207784,1.0
766,35.94514166721667,-117.71040408163579,3.7437439478187753,2000-12-14T03:46:00.999407953,1.0
767,35.97243739126333,-117.66972506346501,2.2442043442933137,2000-12-14T03:47:01.078630022,1.0
768,35.66101076355332,-117.51878780002049,8.309980932235002,2000-12-14T03:48:00.735830719,1.0
769,35.70902548267798,-117.55244415687446,8.665508650447054,2000-12-14T03:49:00.935345958,1.0
770,36.04864605172438,-117.87616570460527,3.4453758878585874,2000-12-14T03:50:01.153490646,1.0
771,35.624751182335324,-117.44466523628472,5.095217761791599,2000-12-14T03:51:01.008180799,1.0
772,35.88184735674777,-117.6849409302436,7.609913374929431,2000-12-14T03:52:00.824319019,1.0
773,35.93729188720225,-117.67401281879103,3.749352701067067,2000-12-14T03:53:00.762206850,1.0
774,35.92490940893693,-117.68528412499228,4.114882160261345,2000-12-14T03:54:00.902592521,1.0
775,35.62813090763722,-117.42580224654814,6.6901937148689665,2000-12-14T03:55:00.911203785,1.0
776,35.90467886726454,-117.75855342451423,6.1839826921596375,2000-12-14T03:56:01.133305788,1.0
777,35.87078472046388,-117.67697038175803,7.17059478593276,2000-12-14T03:57:00.670335539,1.0
778,35.633634592959,-117.44348819252187,6.862374628101459,2000-12-14T03:58:00.753217729,1.0
779,35.971570951469985,-117.6714420783667,3.22420007296423,2000-12-14T03:59:00.901293427,1.0
780,35.91952094601688,-117.67910453348955,4.004712886915098,2000-12-14T04:00:01.120954467,1.0
781,35.949803816649336,-117.69939245492829,5.002054078311836,2000-12-14T04:01:01.144486120,1.0
782,35.90789878484232,-117.70118400491401,8.40778750675461,2000-12-14T04:02:00.853400406,1.0
783,35.93661409276267,-117.69426227973346,4.420606446127843,2000-12-14T04:03:01.462694619,1.0
784,35.90632238749678,-117.6851011082212,5.217570470548912,2000-12-14T04:04:01.031062446,1.0
785,35.59910096970094,-117.59216008870654,4.15947825567952,2000-12-14T04:05:00.772203310,1.0
786,35.65914711715263,-117.54737059642038,10.096727651537893,2000-12-14T04:06:00.781977710,1.0
787,35.89259393549623,-117.66820329101165,3.9522786403224135,2000-12-14T04:07:00.908118842,1.0
788,35.61053202755037,-117.57694940889594,4.693026831317113,2000-12-14T04:08:01.152281820,1.0
789,35.937020699049555,-117.69401965047841,4.368242936113481,2000-12-14T04:09:00.893778513,1.0
790,35.87018726277355,-117.70296489106336,5.353159769906701,2000-12-14T04:10:01.096312201,1.0
791,35.90386185631207,-117.69876577994494,6.810581957873824,2000-12-14T04:11:01.233887179,1.0
792,35.68478889909206,-117.46451919983356,6.818156213560561,2000-12-14T04:12:01.059073745,1.0
793,35.675537070728886,-117.46386062132939,7.7611399249513395,2000-12-14T04:13:01.094776859,1.0
794,36.063517826929434,-117.852681272587,4.000633507225697,2000-12-14T04:14:01.063258339,1.0
795,36.04845776352669,-117.86006874960897,3.830642992259194,2000-12-14T04:15:00.852846422,1.0
796,36.060147073905625,-117.86114135590975,3.386139870674393,2000-12-14T04:16:01.337817214,1.0
797,35.70510392077349,-117.58039911741531,7.146575211597406,2000-12-14T04:17:01.057663970,1.0
798,35.768919606070035,-117.56853266091332,6.960196776310947,2000-12-14T04:18:00.895461939,1.0
799,35.61846681603096,-117.45435260255795,3.1412932377331377,2000-12-14T04:19:00.771998511,1.0
800,36.06285487812038,-117.84512808212861,3.075971164246571,2000-12-14T04:20:01.090266197,1.0
801,35.924841420249784,-117.70378729350293,4.818791302780048,2000-12-14T04:21:01.032388903,1.0
802,35.9268320897016,-117.68868899513313,5.050799837151552,2000-12-14T04:22:00.904869147,1.0
803,35.87323782884041,-117.69282206758217,9.752789219225646,2000-12-14T04:23:00.768644271,1.0
804,35.89368474225692,-117.73078951128838,6.413253810523598,2000-12-14T04:24:01.057889982,1.0
805,35.872099648839004,-117.69871145894402,4.9540955050740205,2000-12-14T04:25:00.918827856,1.0
806,35.70187143267042,-117.50436359551723,5.99260323479362,2000-12-14T04:26:01.264060074,1.0
807,36.04579375096059,-117.84635763432611,2.5144227283703895,2000-12-14T04:27:00.739575849,1.0
808,35.96119569662979,-117.65897719920551,4.278932376253824,2000-12-14T04:28:00.965426006,1.0
809,35.627285268738774,-117.43524560985652,4.5345808850497935,2000-12-14T04:29:01.169287491,1.0
810,35.694052570961205,-117.52210712038023,8.960786649915969,2000-12-14T04:30:01.019257977,1.0
811,35.906097031299026,-117.72628819794302,4.617956625910249,2000-12-14T04:31:00.963488987,1.0
812,35.92051380933786,-117.7402003707665,3.776526696121172,2000-12-14T04:32:00.789412056,1.0
813,35.613542309302225,-117.44426903851176,5.616735698165336,2000-12-14T04:33:00.995433791,1.0
814,35.60110397481494,-117.39067721371481,7.50246818158526,2000-12-14T04:34:00.725681353,1.0
815,35.934078878564605,-117.69882946583199,5.066650493998274,2000-12-14T04:35:01.316533082,1.0
816,35.6049586595124,-117.47282486292875,4.883903361731771,2000-12-14T04:36:01.234710812,1.0
817,35.90621640041293,-117.72513397375656,4.798734463694891,2000-12-14T04:37:00.617901693,1.0
818,35.72143666916746,-117.56297952838996,5.454479222515751,2000-12-14T04:38:00.967120195,1.0
819,35.6926466241184,-117.52533881457161,6.9383086090228066,2000-12-14T04:39:00.370371527,1.0
820,35.87204555515635,-117.7033151201266,9.18066902017348,2000-12-14T04:40:00.647557884,1.0
821,35.64798527880606,-117.45323267440912,6.158336051950227,2000-12-14T04:41:00.671532355,1.0
822,35.698502477664185,-117.50098423756926,7.788993323770969,2000-12-14T04:42:01.086697848,1.0
823,35.68334143203773,-117.50048364607116,9.465833238921936,2000-12-14T04:43:00.997446229,1.0
824,35.92512986316942,-117.68426934881313,5.201666759821744,2000-12-14T04:44:00.962656031,1.0
825,35.578151136849264,-117.3394696099144,4.069364087653834,2000-12-14T04:45:01.183518719,1.0
826,35.960215638549705,-117.66258367973742,3.6896365132612465,2000-12-14T04:46:01.103731296,1.0
827,35.60033860874453,-117.39462424148722,7.326475255750096,2000-12-14T04:47:01.207309968,1.0
828,35.90946178419078,-117.69160840554011,4.4087872272223265,2000-12-14T04:48:01.195204766,1.0
829,35.590612647919585,-117.39717665628075,6.037179804201536,2000-12-14T04:49:01.012596971,1.0
830,35.69603590206628,-117.52600480202652,9.04197591604338,2000-12-14T04:50:01.080410387,1.0
831,35.666014579985024,-117.4723203739637,4.717624770198155,2000-12-14T04:51:01.023441177,1.0
832,35.67746793865929,-117.48037308102134,3.8300472031389123,2000-12-14T04:52:00.888996235,1.0
833,35.93521782434719,-117.70471301935207,4.103637808988387,2000-12-14T04:53:01.129248718,1.0
834,35.62172266817257,-117.44234199975794,6.51217462539661,2000-12-14T04:54:00.952551904,1.0
835,35.68372079515136,-117.48360089928859,1.1353246749524089,2000-12-14T04:55:01.228040313,1.0
836,35.67951676086854,-117.47889496276275,6.135073833641985,2000-12-14T04:56:01.252606965,1.0
837,35.598612518246064,-117.43418222630964,8.643342911603915,2000-12-14T04:57:00.732561982,1.0
838,35.716406604452786,-117.5261117392686,4.2399206069613955,2000-12-14T04:58:00.877977291,1.0
839,35.67306141331785,-117.47962121843406,3.4132402344925623,2000-12-14T04:59:01.176187109,1.0
840,35.739466422084206,-117.56518759114677,7.723341561141158,2000-12-14T05:00:00.903368246,1.0
841,35.883074020745745,-117.71705441058599,4.170976743503319,2000-12-14T05:01:01.047466817,1.0
842,36.04837939974216,-117.85118400774336,3.163236426508721,2000-12-14T05:02:01.109042799,1.0
843,35.983943662588715,-117.6719733311952,1.99138412396703,2000-12-14T05:03:00.952936120,1.0
844,35.90479679965296,-117.69209162407161,5.36384533416838,2000-12-14T05:04:01.105070245,1.0
845,35.665670937075106,-117.48654416163474,5.998005662630887,2000-12-14T05:05:00.921420993,1.0
846,35.67501054732855,-117.48514933769185,1.057450612128005,2000-12-14T05:06:01.231408018,1.0
847,35.59948797437866,-117.467369297563,3.5420797172868053,2000-12-14T05:07:01.055443188,1.0
848,35.85139426015324,-117.68370194047387,7.644038540559226,2000-12-14T05:08:01.099403045,1.0
849,35.571816534353836,-117.33506020870931,4.190904072132565,2000-12-14T05:09:00.832220222,1.0
850,35.91408165598988,-117.68861402454607,4.929484559712829,2000-12-14T05:10:00.864783523,1.0
851,35.69816064455099,-117.55662633684784,8.961043910895016,2000-12-14T05:11:00.661893224,1.0
852,35.59955905074437,-117.39483673301388,6.94243686100991,2000-12-14T05:12:00.828595157,1.0
853,36.021958383425485,-117.85188707368229,1.6991328713735563,2000-12-14T05:13:01.234712871,1.0
854,36.06081170877481,-117.86323818660263,3.4294371323541637,2000-12-14T05:14:00.968988904,1.0
855,35.89738460147362,-117.67057134181088,4.357805973077451,2000-12-14T05:15:01.114933710,1.0
856,35.74936529465106,-117.56967513344696,6.3017048623614125,2000-12-14T05:16:01.070307172,1.0
857,35.66668596899343,-117.50098259243157,5.837881659167832,2000-12-14T05:17:00.571800999,1.0
858,35.92669223955027,-117.70613824122088,4.5868698658688905,2000-12-14T05:18:00.890539075,1.0
859,36.0604164230678,-117.85710022997047,3.1558076703158986,2000-12-14T05:19:01.130785460,1.0
860,35.671392009767985,-117.52463838392477,9.349668929202586,2000-12-14T05:20:00.833674929,1.0
861,35.6799736012948,-117.52317149005471,8.107641772398738,2000-12-14T05:21:01.454881908,1.0
862,35.9221636331824,-117.69383558144138,3.2839147112379385,2000-12-14T05:22:01.005825140,1.0
863,35.65203939169914,-117.5323517244316,7.318672763120347,2000-12-14T05:23:00.903178781,1.0
864,35.67164926772701,-117.47069171205577,7.841585854591894,2000-12-14T05:24:01.424230179,1.0
865,35.66995064259226,-117.48412550618548,5.059191239873494,2000-12-14T05:25:01.225638533,1.0
866,35.89562511821379,-117.70923149836906,8.64217891675428,2000-12-14T05:26:00.750865515,1.0
867,35.97425551485691,-117.67254293462402,4.271886400682801,2000-12-14T05:27:01.214890112,1.0
868,35.682867765033,-117.48967366684734,5.709929145455659,2000-12-14T05:28:00.760404013,1.0
869,35.57187476548624,-117.34868998777799,3.998006166900517,2000-12-14T05:29:00.539395123,1.0
870,35.91044088859038,-117.69556937151644,5.288332082346584,2000-12-14T05:30:00.738976191,1.0
871,35.67493913604777,-117.47612385571018,4.687065671677692,2000-12-14T05:31:01.461350225,1.0
872,36.04429966967528,-117.85929934168142,2.6739190438201486,2000-12-14T05:32:01.099891965,1.0
873,35.658252019920496,-117.50145896988846,5.13450898708778,2000-12-14T05:33:01.213504729,1.0
874,35.899510934902004,-117.6806383695204,3.4112899866287334,2000-12-14T05:34:01.057176971,1.0
875,35.90136374794341,-117.70379125910303,4.555029336068286,2000-12-14T05:35:00.834811272,1.0
876,35.911469243087915,-117.68288713677093,3.2682907800994254,2000-12-14T05:36:00.989331941,1.0
877,35.63193578547784,-117.44082274613255,7.733065585043829,2000-12-14T05:37:01.068932454,1.0
878,35.66635730587189,-117.48184578884717,0.4516984681322429,2000-12-14T05:38:01.337353709,1.0
879,35.567452122242756,-117.32766808159039,3.115003020463164,2000-12-14T05:39:00.956202642,1.0
880,35.57399997254105,-117.62232245938856,6.346315585652661,2000-12-14T05:40:00.777503425,1.0
881,35.899860464080284,-117.7084865559348,7.558140543722437,2000-12-14T05:41:01.014099429,1.0
882,35.71234926641051,-117.54155053324337,8.27916756623164,2000-12-14T05:42:00.908728846,1.0
883,35.907290607318885,-117.68227290322258,5.062450041957186,2000-12-14T05:43:01.262084396,1.0
884,35.62126193997414,-117.43953390726763,6.823694076678786,2000-12-14T05:44:01.191493460,1.0
885,35.87318817757866,-117.70442851219327,5.700685128417362,2000-12-14T05:45:00.999783520,1.0
886,35.73722645464881,-117.53772496814761,6.0165811552758655,2000-12-14T05:46:00.709340523,1.0
887,35.94027378090938,-117.70892538193397,3.843756027398675,2000-12-14T05:47:01.532211671,1.0
888,35.93496188019333,-117.71017705820401,3.741608079382589,2000-12-14T05:48:01.021497757,1.0
889,35.67185609668069,-117.54618863943277,7.791638577062912,2000-12-14T05:49:00.744773846,1.0
890,36.04501895026219,-117.8681258194799,3.7814859065219086,2000-12-14T05:50:01.145823180,1.0
891,35.702843681523746,-117.51016520491753,6.190995862197138,2000-12-14T05:51:00.789518873,1.0
892,35.72365358287481,-117.56490629900213,8.303000110916319,2000-12-14T05:52:00.975322917,1.0
893,35.75628295715685,-117.57434108271086,7.252690685240306,2000-12-14T05:53:00.755808599,1.0
894,35.93389482337519,-117.71490157106925,6.010195900060882,2000-12-14T05:54:01.163067313,1.0
895,35.964627768932864,-117.65484421554362,2.2818228898506563,2000-12-14T05:55:01.255249038,1.0
896,35.689560465289034,-117.53672525330359,6.861028835900035,2000-12-14T05:56:00.783709767,1.0
897,35.73341105268666,-117.55464482974014,8.714494848150249,2000-12-14T05:57:00.759019898,1.0
898,35.725962624544536,-117.53154160697947,5.173110744271953,2000-12-14T05:58:01.025927157,1.0
899,35.558872309624576,-117.34141529343528,4.137569456540265,2000-12-14T05:59:01.306861663,1.0
900,35.89433032767065,-117.71332541641355,5.600746053724255,2000-12-14T06:00:01.210279383,1.0
901,35.92957894456796,-117.72203867082783,4.0940969696138145,2000-12-14T06:01:01.133537089,1.0
902,35.90750683681501,-117.72716596493781,5.340111494837247,2000-12-14T06:02:01.426999535,1.0
903,35.921476052761385,-117.6906253791177,4.379572786112656,2000-12-14T06:03:01.116448279,1.0
904,35.59774022530997,-117.58519717005558,4.693490037131032,2000-12-14T06:04:00.676582414,1.0
905,35.904985781427925,-117.70472864749925,4.551699159561375,2000-12-14T06:05:01.194957667,1.0
906,35.87869451701801,-117.69993948444498,7.016330453458496,2000-12-14T06:06:00.761409776,1.0
907,35.6058247245585,-117.39564027719709,6.820666945696474,2000-12-14T06:07:00.892149294,1.0
908,35.91243059847303,-117.72224279376724,7.527153132860935,2000-12-14T06:08:01.133999705,1.0
909,35.6791297798891,-117.48062154187075,5.8343659540862625,2000-12-14T06:09:01.459375098,1.0
910,35.628298843574434,-117.44579080464557,7.4164981706717,2000-12-14T06:10:00.643736094,1.0
911,36.063779653248496,-117.83864321057924,4.140566535241848,2000-12-14T06:11:01.289259496,1.0
912,35.61138225084631,-117.41213488020992,5.836211481019718,2000-12-14T06:12:00.807318016,1.0
913,36.047787279956296,-117.8572800148978,3.6732387334068837,2000-12-14T06:13:01.070009000,1.0
914,35.88663559458217,-117.67843836442891,4.322447580486287,2000-12-14T06:14:01.231257348,1.0
915,35.87488070265976,-117.68683614491044,7.672161837218429,2000-12-14T06:15:01.218550028,1.0
916,35.685987071393384,-117.47587494024285,5.411322196472688,2000-12-14T06:16:01.115126681,1.0
917,35.90039215892251,-117.69117769056204,5.435249419498602,2000-12-14T06:17:00.739077086,1.0
918,35.924927576468235,-117.7375494398209,6.08227578565221,2000-12-14T06:18:01.063169493,1.0
919,35.92469798344942,-117.69828560113757,4.093137464019034,2000-12-14T06:19:01.025709567,1.0
920,35.75680088919156,-117.56147122504208,4.959573040859599,2000-12-14T06:20:01.081466170,1.0
921,36.02790130330936,-117.85569925466056,2.74612315076638,2000-12-14T06:21:01.052752207,1.0
922,35.58207691957912,-117.6146693069363,6.04218438839616,2000-12-14T06:22:00.836075736,1.0
923,36.06194869577529,-117.85404307469773,2.4547574061637256,2000-12-14T06:23:00.881840687,1.0
924,35.90274960147288,-117.73102337785471,6.689427231438019,2000-12-14T06:24:00.804035137,1.0
925,35.92410371104538,-117.72768401793935,4.613597222565929,2000-12-14T06:25:00.659745882,1.0
926,35.89405324859133,-117.67299281386003,7.6576887726668925,2000-12-14T06:26:00.587365295,1.0
927,35.920907386143746,-117.68809090695757,5.417544503580892,2000-12-14T06:27:00.905262343,1.0
928,35.739350389095584,-117.54799262309805,3.6653312904778432,2000-12-14T06:28:01.344739293,1.0
929,35.890282082936714,-117.7190328255913,7.78771160289929,2000-12-14T06:29:01.013699722,1.0
930,35.74591300854086,-117.57543007632017,5.941759233083927,2000-12-14T06:30:00.914569934,1.0
931,36.0411162692821,-117.86129707698274,2.9917089509561468,2000-12-14T06:31:01.022755198,1.0
932,35.67875236781885,-117.49947323931447,4.648030097985484,2000-12-14T06:32:01.129312413,1.0
933,35.911178616474814,-117.72656421156236,3.949486953074116,2000-12-14T06:33:00.937295879,1.0
934,35.95927496750916,-117.71436427459071,4.571373426431916,2000-12-14T06:34:00.954987511,1.0
935,35.640035714915065,-117.45233306266874,2.124992987435567,2000-12-14T06:35:01.239830959,1.0
936,35.66184574037809,-117.52779125209818,10.73493605531175,2000-12-14T06:36:00.846998453,1.0
937,36.04846285387659,-117.84177163014947,3.8774604383187863,2000-12-14T06:37:01.084965156,1.0
938,35.97073299604522,-117.66957014045967,3.9289608566933283,2000-12-14T06:38:01.220607810,1.0
939,35.71075241021564,-117.56441827582516,7.509840028580495,2000-12-14T06:39:00.971489637,1.0
940,35.570044554110325,-117.35363410585214,4.847110770648781,2000-12-14T06:40:01.034698818,1.0
941,35.87946095480315,-117.71604973581219,4.394714565329077,2000-12-14T06:41:00.814094577,1.0
942,35.88709427293912,-117.66931471190235,7.595498685127257,2000-12-14T06:42:00.908438761,1.0
943,35.88046062547302,-117.69545653774084,5.483030539911804,2000-12-14T06:43:01.116572690,1.0
944,35.74915105255242,-117.55353500344643,5.181987940781492,2000-12-14T06:44:01.023378336,1.0
945,35.730387695618546,-117.53635729302418,4.833274415436919,2000-12-14T06:45:01.070006162,1.0
946,35.67943183008852,-117.5018713224261,7.333185173632275,2000-12-14T06:46:01.022005449,1.0
947,35.67949988645568,-117.46589351444084,5.552431278292155,2000-12-14T06:47:00.809548635,1.0
948,36.05845946350941,-117.85825628342937,3.6710667237097017,2000-12-14T06:48:01.170789703,1.0
949,35.860873813758694,-117.65935995799286,7.745655054631614,2000-12-14T06:49:00.855089754,1.0
950,35.88396841904648,-117.6842384620818,3.481394389872409,2000-12-14T06:50:01.156341774,1.0
951,35.60148512786983,-117.40373011787347,7.632538175090482,2000-12-14T06:51:00.908639074,1.0
952,35.917911069252995,-117.69685060780222,4.496709532432852,2000-12-14T06:52:00.815252297,1.0
953,35.571522229783746,-117.58950022060327,7.067633801231539,2000-12-14T06:53:00.978437170,1.0
954,35.65082639417144,-117.49299507057525,5.998760681073591,2000-12-14T06:54:01.251945949,1.0
955,35.680197908782965,-117.5073602685702,5.539528325767678,2000-12-14T06:55:00.855905614,1.0
956,35.89113906312289,-117.67863567386573,7.790170940798658,2000-12-14T06:56:01.176236036,1.0
957,35.92244478808392,-117.7132822247811,3.863415834130214,2000-12-14T06:57:00.782993696,1.0
958,35.92854394608791,-117.71213115912731,4.309474649104237,2000-12-14T06:58:01.097962065,1.0
959,35.748447318988646,-117.56839187641124,4.087166907441272,2000-12-14T06:59:00.913536244,1.0
960,35.738915606147394,-117.57550065224984,3.6211473866323662,2000-12-14T07:00:01.070690281,1.0
961,35.591960266099946,-117.58904653427892,4.788983703280306,2000-12-14T07:01:00.803068103,1.0
962,35.91682458756362,-117.7191581791033,7.1527900026653,2000-12-14T07:02:01.042868583,1.0
963,35.57353761704579,-117.34494904715505,3.554610267714488,2000-12-14T07:03:00.706143167,1.0
964,35.753028271388686,-117.57696034974664,6.60239857848049,2000-12-14T07:04:01.085274558,1.0
965,35.67103311880683,-117.51644324867556,9.236946054799786,2000-12-14T07:05:01.009387856,1.0
966,35.59163734820713,-117.44371171992833,5.657839172172896,2000-12-14T07:06:00.789607152,1.0
967,35.94281965370412,-117.68923659752996,4.170321094312474,2000-12-14T07:07:00.884975268,1.0
968,35.71070778913351,-117.53862347082718,6.482786391181064,2000-12-14T07:08:01.350087719,1.0
969,35.67219293430857,-117.49478867945635,4.7096243931838835,2000-12-14T07:09:00.847773910,1.0
970,35.66095536221347,-117.52212511555614,8.438356170583356,2000-12-14T07:10:00.626643903,1.0
971,35.652092859114696,-117.46687961551012,5.001608006082292,2000-12-14T07:11:01.132875153,1.0
972,35.66644386059113,-117.48338593599449,2.589880335636911,2000-12-14T07:12:00.638330238,1.0
973,35.91008714522694,-117.69038614725109,5.032375117162252,2000-12-14T07:13:01.106330940,1.0
974,35.594439139828815,-117.60706157799919,4.311753049478082,2000-12-14T07:14:01.107953765,1.0
975,35.72818269506656,-117.53467677613624,5.882592023254058,2000-12-14T07:15:00.968211319,1.0
976,35.67640752853493,-117.53807699013691,8.247040978119177,2000-12-14T07:16:00.959512683,1.0
977,35.70039647069146,-117.52478441939235,9.971668525499592,2000-12-14T07:17:01.022339193,1.0
978,35.66345029884353,-117.4848840067422,6.400061182303539,2000-12-14T07:18:01.251712524,1.0
979,35.597540239882754,-117.58338120057466,4.386117550553482,2000-12-14T07:19:01.243807742,1.0
980,35.923970336748425,-117.72927476031249,4.3397082191820475,2000-12-14T07:20:01.303055734,1.0
981,35.64064128619548,-117.45699206855994,2.6907950231352307,2000-12-14T07:21:01.109784534,1.0
982,35.930123884719265,-117.6930748884225,4.350321633499593,2000-12-14T07:22:01.037156709,1.0
983,35.691027047517004,-117.53447625458347,8.268769707978308,2000-12-14T07:23:01.000795799,1.0
984,35.89511176599985,-117.72310105708368,6.771523992005691,2000-12-14T07:24:00.990808495,1.0
985,35.669259481504525,-117.48425411813852,5.686607914668861,2000-12-14T07:25:01.217854756,1.0
986,35.92622583084301,-117.68085362618518,3.8560179050034913,2000-12-14T07:26:00.895678826,1.0
987,35.65187882983199,-117.52243457373562,9.193870203233683,2000-12-14T07:27:00.977260628,1.0
988,35.650554253204184,-117.45190445230034,2.2377007852673714,2000-12-14T07:28:01.118879090,1.0
989,36.070716747974785,-117.86707256917781,3.2572911108526568,2000-12-14T07:29:00.928983701,1.0
990,35.87186675723177,-117.68628898403107,7.8950325991920405,2000-12-14T07:30:01.005269797,1.0
991,35.74893840913065,-117.57882870975514,7.439431541356804,2000-12-14T07:31:00.664948669,1.0
992,35.823096663004115,-117.63738673675029,5.128411233261202,2000-12-14T07:32:01.137830545,1.0
993,35.922375127476485,-117.70319659461884,4.102665805696947,2000-12-14T07:33:01.072494192,1.0
994,35.67080468549013,-117.47119174424763,4.121344499437053,2000-12-14T07:34:00.928172711,1.0
995,35.86593200636967,-117.6969657000873,6.030419598071003,2000-12-14T07:35:00.841476109,1.0
996,35.94689106586634,-117.70144237412664,4.978576369426742,2000-12-14T07:36:00.765742705,1.0
997,35.92330800625414,-117.68855738253427,5.350768015762347,2000-12-14T07:37:00.954308811,1.0
998,35.92234940550182,-117.68310349962974,5.552491789006172,2000-12-14T07:38:00.824241955,1.0
999,35.69837775423886,-117.51390962502444,7.802026948935549,2000-12-14T07:39:00.939247319,1.0
1000,35.65034113708172,-117.47338167779074,7.44581655086974,2000-12-14T07:40:01.243860507,1.0
