evid,latitude,longitude,depth,time,mag,T_src,X,Y,unc_x,unc_y,unc_z
2,36.06175596503862,-117.84504815041576,3.642661,2000-12-13T15:02:01.054060,1.0,0.081430465,159.27612,242.78674,NaN,NaN,NaN
3,35.89671087306672,-117.72378289288255,5.729379,2000-12-13T15:03:00.864490,1.0,0.12646262,170.55074,224.67514,NaN,NaN,NaN
4,35.89743720951456,-117.72147991958934,5.3256717,2000-12-13T15:04:01.071511,1.0,-0.059434693,170.7571,224.75957,NaN,NaN,NaN
5,35.90511583776308,-117.70431263070144,6.362729,2000-12-13T15:05:00.877407,1.0,0.098498516,172.29042,225.64023,NaN,NaN,NaN
6,35.66951630291424,-117.51786017285636,7.4681754,2000-12-13T15:06:01.085836,1.0,-0.15841934,189.67166,199.83716,NaN,NaN,NaN
8,36.04216537220616,-117.86336153646053,3.5602343,2000-12-13T15:08:00.993944,1.0,0.028237388,157.66473,240.5851,NaN,NaN,NaN
12,35.58415956095682,-117.61182283557827,5.566184,2000-12-13T15:12:01.175925,1.0,-0.20413433,181.35616,190.1982,NaN,NaN,NaN
13,35.91267226820282,-117.67442069203202,3.4946766,2000-12-13T15:13:00.912391,1.0,0.08686067,174.97217,226.52937,NaN,NaN,NaN
14,35.669862475347955,-117.46911756764534,5.2521214,2000-12-13T15:14:00.935329,1.0,0.085511975,194.0831,199.96721,NaN,NaN,NaN
15,35.7056668373104,-117.51292212993833,7.4182353,2000-12-13T15:15:00.864092,1.0,0.07551762,190.03397,203.85632,NaN,NaN,NaN
16,35.67780914533476,-117.4816331232591,2.5940871,2000-12-13T15:16:01.022371,1.0,-0.022396542,192.93129,200.82495,NaN,NaN,NaN
19,35.62580725201705,-117.42501044575465,6.0776925,2000-12-13T15:19:01.034231,1.0,0.01948907,198.18314,195.1652,NaN,NaN,NaN
20,35.889884807359365,-117.68417487967125,5.163914,2000-12-13T15:20:01.113122,1.0,-0.0986069,174.14104,223.98494,NaN,NaN,NaN
21,35.58765650275486,-117.42625371218588,4.7427106,2000-12-13T15:21:01.533228,1.0,-0.39146864,198.16347,190.93098,NaN,NaN,NaN
23,35.699040013696454,-117.51551251820608,7.721083,2000-12-13T15:23:00.818894,1.0,0.12873085,189.8151,203.11642,NaN,NaN,NaN
25,35.884728998615515,-117.68281859327678,7.442702,2000-12-13T15:25:00.977540,1.0,0.027182033,174.27463,223.41534,NaN,NaN,NaN
28,35.87514872563256,-117.70596460344389,4.9896445,2000-12-13T15:28:01.200766,1.0,-0.15599424,172.2053,222.3133,NaN,NaN,NaN
29,35.87282725871216,-117.69522818967393,5.774312,2000-12-13T15:29:01.209007,1.0,-0.1781927,173.17976,222.07397,NaN,NaN,NaN
30,35.56783623430989,-117.59337879635032,6.976535,2000-12-13T15:30:01.171948,1.0,-0.064958304,183.06425,188.42044,NaN,NaN,NaN
32,35.678379968363096,-117.48552337448082,6.0938673,2000-12-13T15:32:00.971520,1.0,0.07702563,192.57782,200.88092,NaN,NaN,NaN
33,35.95843400333023,-117.70217650880731,3.8541331,2000-12-13T15:33:00.798017,1.0,0.17908736,172.36905,231.55823,NaN,NaN,NaN
35,35.86344501613106,-117.69620038471452,6.2490163,2000-12-13T15:35:00.990151,1.0,0.03917722,173.1121,221.03159,NaN,NaN,NaN
39,35.75331070883381,-117.57068300224941,6.136339,2000-12-13T15:39:01.120835,1.0,-0.14924437,184.69896,209.03511,NaN,NaN,NaN
40,35.914409183912724,-117.70909746013766,4.6287794,2000-12-13T15:40:01.168139,1.0,-0.15806985,171.8387,226.66302,NaN,NaN,NaN
41,35.880016018887346,-117.69661941795951,3.926307,2000-12-13T15:41:00.812884,1.0,0.22357827,173.03871,222.86903,NaN,NaN,NaN
43,35.87499260463759,-117.69082724027716,7.686377,2000-12-13T15:43:00.971143,1.0,0.02679682,173.57251,222.32166,NaN,NaN,NaN
44,35.94265249494095,-117.68780284991387,4.2133074,2000-12-13T15:44:00.996200,1.0,-0.0038160996,173.69968,229.83206,NaN,NaN,NaN
46,35.60564934669381,-117.57722457017799,5.113649,2000-12-13T15:46:01.100465,1.0,-0.1643087,184.44272,192.64394,NaN,NaN,NaN
47,35.867718011829155,-117.68471969333137,8.572042,2000-12-13T15:47:01.153169,1.0,-0.17461054,174.13971,221.52513,NaN,NaN,NaN
49,35.91776149051552,-117.71353735273442,3.5486655,2000-12-13T15:49:01.081059,1.0,-0.03535395,171.43085,227.0274,NaN,NaN,NaN
50,35.5963394499451,-117.60035180394183,4.5474315,2000-12-13T15:50:01.171201,1.0,-0.22160165,182.36836,191.56969,NaN,NaN,NaN
51,35.98165828311458,-117.67381427311815,2.9980345,2000-12-13T15:51:01.249136,1.0,-0.21702857,174.87692,234.18275,NaN,NaN,NaN
52,35.66240939985443,-117.50612177508702,5.2095885,2000-12-13T15:52:01.438764,1.0,-0.1868208,190.75095,199.07071,NaN,NaN,NaN
53,35.944517710406245,-117.69518605366042,3.8307953,2000-12-13T15:53:00.874584,1.0,0.12538788,173.02954,230.0264,NaN,NaN,NaN
54,35.6975413565143,-117.54772503286075,7.9766006,2000-12-13T15:54:01.053906,1.0,-0.15928787,186.90364,202.89072,NaN,NaN,NaN
55,35.9488857622354,-117.69720159318528,4.1612477,2000-12-13T15:55:01.160674,1.0,-0.173565,172.83832,230.5075,NaN,NaN,NaN
57,35.9852914832225,-117.676402430571,2.9004242,2000-12-13T15:57:00.926527,1.0,0.092164546,174.63564,234.58133,NaN,NaN,NaN
59,35.92471768352926,-117.70395970878762,4.5115566,2000-12-13T15:59:01.043931,1.0,-0.0468799,172.28035,227.81519,NaN,NaN,NaN
60,35.870045315540686,-117.69234085207772,4.793276,2000-12-13T16:00:01.067555,1.0,-0.026022745,173.44647,221.7703,NaN,NaN,NaN
61,35.895565667884966,-117.72661774661402,6.700438,2000-12-13T16:01:00.659483,1.0,0.32959497,170.29724,224.54337,NaN,NaN,NaN
62,35.62925585522601,-117.4298454468958,2.9531202,2000-12-13T16:02:01.022675,1.0,0.08583734,197.73685,195.53836,NaN,NaN,NaN
65,36.05081443686191,-117.84269900750466,3.2973328,2000-12-13T16:05:01.096430,1.0,-0.061332848,159.50952,241.5767,NaN,NaN,NaN
66,35.60230828156061,-117.59553955958349,5.239381,2000-12-13T16:06:00.897635,1.0,0.05443845,182.79097,192.24039,NaN,NaN,NaN
67,35.64115121159075,-117.45131383617337,3.988325,2000-12-13T16:07:00.873310,1.0,0.19420755,195.7639,196.81645,NaN,NaN,NaN
68,35.91842864579474,-117.71223192673735,5.164998,2000-12-13T16:08:00.959347,1.0,0.027524117,171.54724,227.1036,NaN,NaN,NaN
69,35.64220157665449,-117.44142901768734,4.0385804,2000-12-13T16:09:00.830672,1.0,0.19858918,196.65645,196.95197,NaN,NaN,NaN
70,35.71551996166684,-117.53475088345132,8.285088,2000-12-13T16:10:00.871675,1.0,-0.13283439,188.036,204.90883,NaN,NaN,NaN
71,35.717573263454916,-117.52483701845715,5.5459523,2000-12-13T16:11:01.222596,1.0,-0.1713789,188.92813,205.1549,NaN,NaN,NaN
72,35.667779451481664,-117.51613596653281,8.117357,2000-12-13T16:12:00.814710,1.0,0.099931076,189.8318,199.6477,NaN,NaN,NaN
73,35.91833813773274,-117.69273038337695,4.3307567,2000-12-13T16:13:01.237278,1.0,-0.22886723,173.30743,227.12657,NaN,NaN,NaN
74,35.92203884397171,-117.72782879227385,4.62485,2000-12-13T16:14:01.254394,1.0,-0.23194456,170.132,227.47792,NaN,NaN,NaN
75,35.7391244654926,-117.56544024873034,4.027776,2000-12-13T16:15:01.163542,1.0,-0.15905257,185.2055,207.47101,NaN,NaN,NaN
76,35.58749692675374,-117.4230796456761,4.383243,2000-12-13T16:16:01.113997,1.0,-0.024120808,198.45146,190.91945,NaN,NaN,NaN
77,35.94964479491015,-117.6821963453968,3.8761768,2000-12-13T16:17:00.807980,1.0,0.18719363,174.19037,230.61726,NaN,NaN,NaN
78,35.91486037128089,-117.71389841680505,6.849497,2000-12-13T16:18:00.877569,1.0,0.112448156,171.40443,226.70499,NaN,NaN,NaN
79,35.9031211540848,-117.67279337753702,4.0665298,2000-12-13T16:19:00.861191,1.0,0.15237606,175.1398,225.4727,NaN,NaN,NaN
81,35.63329544774846,-117.43076506195025,5.095253,2000-12-13T16:21:00.972550,1.0,0.11671007,197.64374,195.98466,NaN,NaN,NaN
82,35.59113519037472,-117.42155128060723,5.420122,2000-12-13T16:22:01.066030,1.0,-0.05571912,198.58107,191.32599,NaN,NaN,NaN
83,35.66502247828944,-117.47919023788526,2.6410089,2000-12-13T16:23:00.677978,1.0,0.3179921,193.18283,199.41122,NaN,NaN,NaN
86,35.663707531111406,-117.47827938417224,5.4878483,2000-12-13T16:26:00.903034,1.0,0.12896515,193.26842,199.26709,NaN,NaN,NaN
88,35.895155418477465,-117.69208931962818,4.6419134,2000-12-13T16:28:00.959453,1.0,0.047737285,173.41518,224.55609,NaN,NaN,NaN
89,35.879108874990116,-117.70899205787542,4.935522,2000-12-13T16:29:01.163871,1.0,-0.09267196,171.9235,222.74747,NaN,NaN,NaN
90,35.61745410823397,-117.43076297168798,5.526286,2000-12-13T16:30:01.168844,1.0,-0.10349362,197.68245,194.2275,NaN,NaN,NaN
91,35.901157642799205,-117.67382310782003,3.3847926,2000-12-13T16:31:00.680941,1.0,0.2638294,175.05112,225.25313,NaN,NaN,NaN
92,35.665876281719505,-117.48835638918807,2.47068,2000-12-13T16:32:01.355374,1.0,-0.29583943,192.35103,199.48862,NaN,NaN,NaN
93,35.94072366437135,-117.69706965073482,3.982429,2000-12-13T16:33:00.987894,1.0,0.010813243,172.86775,229.60234,NaN,NaN,NaN
94,35.64355468804869,-117.44931045684069,2.2011154,2000-12-13T16:34:00.936503,1.0,0.054038696,195.93951,197.0869,NaN,NaN,NaN
95,35.89648338002485,-117.71100993541882,7.358283,2000-12-13T16:35:00.743294,1.0,0.24357282,171.70428,224.67136,NaN,NaN,NaN
97,35.67076769940443,-117.47327365458356,2.4901192,2000-12-13T16:37:00.755168,1.0,0.26576394,193.70473,200.05972,NaN,NaN,NaN
98,35.88230851272185,-117.68791017216499,7.1803083,2000-12-13T16:38:01.254791,1.0,-0.25916535,173.82014,223.13815,NaN,NaN,NaN
99,35.93465437286563,-117.7148140111248,6.487194,2000-12-13T16:39:00.528139,1.0,0.34136096,171.2797,228.89912,NaN,NaN,NaN
100,35.640914436659,-117.44287990593564,2.3473938,2000-12-13T16:40:00.759561,1.0,0.20873065,196.52818,196.8064,NaN,NaN,NaN
102,35.77219067893612,-117.56011360856901,6.454953,2000-12-13T16:42:00.852891,1.0,0.08736532,185.61145,211.14856,NaN,NaN,NaN
103,35.88769344992531,-117.71574321272017,4.8494034,2000-12-13T16:43:01.253086,1.0,-0.21545516,171.29567,223.68835,NaN,NaN,NaN
106,35.8881746775498,-117.68347806031575,5.137998,2000-12-13T16:46:01.164331,1.0,-0.15103684,174.20764,223.79643,NaN,NaN,NaN
107,35.91763433936082,-117.72896811933593,4.2096252,2000-12-13T16:47:00.906587,1.0,0.12449669,170.03848,226.98744,NaN,NaN,NaN
110,35.58715263412308,-117.41863444531238,5.06585,2000-12-13T16:50:00.837316,1.0,0.19343346,198.85509,190.88991,NaN,NaN,NaN
111,35.92756254149548,-117.70953692490897,4.6131682,2000-12-13T16:51:01.068063,1.0,-0.06471541,171.77098,228.12134,NaN,NaN,NaN
113,35.71649378814239,-117.5335366881399,7.08064,2000-12-13T16:53:00.889752,1.0,0.14643009,188.14359,205.01909,NaN,NaN,NaN
114,35.90819801460605,-117.70011557951374,4.634076,2000-12-13T16:54:01.443572,1.0,-0.40542534,172.66266,225.98923,NaN,NaN,NaN
115,35.58879941559766,-117.41878504427409,5.119046,2000-12-13T16:55:00.936268,1.0,0.08910978,198.83742,191.07228,NaN,NaN,NaN
116,35.88426930046777,-117.68760833210163,7.3429384,2000-12-13T16:56:00.935480,1.0,0.061571334,173.84317,223.35617,NaN,NaN,NaN
118,35.681212006501525,-117.52347040143796,8.284119,2000-12-13T16:58:00.596679,1.0,0.3478001,189.13655,201.12408,NaN,NaN,NaN
119,35.56327338338997,-117.61766188675243,5.9840493,2000-12-13T16:59:01.062891,1.0,-0.10927311,180.87341,187.87103,NaN,NaN,NaN
122,35.67023645947674,-117.48246631433183,4.793817,2000-12-13T17:02:01.270720,1.0,-0.23545772,192.87387,199.98338,NaN,NaN,NaN
125,35.889703475070846,-117.68909010386788,5.1550665,2000-12-13T17:05:01.095695,1.0,-0.089608215,173.69768,223.95644,NaN,NaN,NaN
126,35.586471665191375,-117.4204270367387,4.4585514,2000-12-13T17:06:01.113174,1.0,-0.100572035,198.69432,190.81088,NaN,NaN,NaN
127,35.88303827701871,-117.68266725065313,7.6639013,2000-12-13T17:07:01.229856,1.0,-0.22715202,174.29195,223.22806,NaN,NaN,NaN
129,35.722244483210446,-117.5272580437003,6.2747927,2000-12-13T17:09:01.238253,1.0,-0.20240964,188.69823,205.66858,NaN,NaN,NaN
132,35.89349038981394,-117.7268404045438,6.826737,2000-12-13T17:12:01.270169,1.0,-0.27941358,170.28152,224.31279,NaN,NaN,NaN
134,36.0518979156308,-117.85138349076313,2.9421465,2000-12-13T17:14:01.078722,1.0,-0.066206105,158.72487,241.68332,NaN,NaN,NaN
135,35.618868146453494,-117.43659611962414,7.1988945,2000-12-13T17:15:01.108111,1.0,-0.085407026,197.15067,194.37306,NaN,NaN,NaN
136,35.57165470652286,-117.59757700840689,5.971722,2000-12-13T17:16:01.056612,1.0,-0.08698374,182.67517,188.83649,NaN,NaN,NaN
137,35.5950930058419,-117.42456757856205,5.5250874,2000-12-13T17:17:01.089635,1.0,-0.062416125,198.29813,191.75914,NaN,NaN,NaN
139,35.61719499718899,-117.41962174538877,6.974228,2000-12-13T17:19:00.755292,1.0,0.26947033,198.69223,194.22038,NaN,NaN,NaN
140,35.882668156953095,-117.68892572385988,7.705303,2000-12-13T17:20:00.981736,1.0,0.012423084,173.72768,223.17632,NaN,NaN,NaN
142,35.649681149734576,-117.46510797839488,2.1216614,2000-12-13T17:22:00.929952,1.0,0.092166305,194.49438,197.73625,NaN,NaN,NaN
146,35.91917534049322,-117.72997035837108,4.3218503,2000-12-13T17:26:01.212339,1.0,-0.19107285,169.94478,227.15671,NaN,NaN,NaN
149,35.67141188842122,-117.48046353295798,3.8150582,2000-12-13T17:29:01.091856,1.0,-0.1075682,193.05237,200.11755,NaN,NaN,NaN
150,35.89876553100503,-117.68640675016476,4.3951955,2000-12-13T17:30:01.098778,1.0,-0.087571256,173.92038,224.96623,NaN,NaN,NaN
151,35.89375643628728,-117.6783476163366,4.803281,2000-12-13T17:31:00.973490,1.0,0.03972431,174.65874,224.42438,NaN,NaN,NaN
152,35.93778728526639,-117.69979177223664,4.790123,2000-12-13T17:32:01.297714,1.0,-0.28017175,172.62845,229.272,NaN,NaN,NaN
153,35.88804767664377,-117.68204822271834,5.9493484,2000-12-13T17:33:01.343878,1.0,-0.32838938,174.337,223.78479,NaN,NaN,NaN
154,35.92474864533743,-117.7162720524503,4.364531,2000-12-13T17:34:00.886455,1.0,0.1389,171.16919,227.79787,NaN,NaN,NaN
155,35.92816993490558,-117.72266453676889,7.0750527,2000-12-13T17:35:00.671332,1.0,0.19990033,170.58507,228.16666,NaN,NaN,NaN
156,35.57600234461938,-117.62130548651332,5.7114916,2000-12-13T17:36:01.023208,1.0,-0.07693692,180.51492,189.27655,NaN,NaN,NaN
157,35.591666184843966,-117.42314476336514,4.6946697,2000-12-13T17:37:01.073663,1.0,-0.042569824,198.4354,191.38179,NaN,NaN,NaN
158,35.6295319782979,-117.42910730782205,3.8608518,2000-12-13T17:38:01.020815,1.0,0.09074813,197.80302,195.57042,NaN,NaN,NaN
159,35.87835813266106,-117.71229037711092,4.6427555,2000-12-13T17:39:00.880410,1.0,0.18645552,171.62727,222.65863,NaN,NaN,NaN
160,35.739816595507435,-117.53471584380857,7.70434,2000-12-13T17:40:01.112365,1.0,-0.2070753,187.98279,207.60399,NaN,NaN,NaN
162,35.66620764819917,-117.48771595949026,3.7939937,2000-12-13T17:42:00.848709,1.0,0.14413215,192.40822,199.52658,NaN,NaN,NaN
165,35.92855131361672,-117.71686392999477,4.0984936,2000-12-13T17:45:01.063031,1.0,-0.018007265,171.1077,228.21869,NaN,NaN,NaN
167,36.0572668332211,-117.84566433903092,3.3371038,2000-12-13T17:47:01.243857,1.0,-0.21098982,159.22952,242.28781,NaN,NaN,NaN
168,36.05707956973172,-117.85355060672387,3.3915734,2000-12-13T17:48:00.852922,1.0,0.12468481,158.51936,242.25473,NaN,NaN,NaN
170,35.57594866564427,-117.62028533336418,6.088203,2000-12-13T17:50:00.802018,1.0,0.14038916,180.6075,189.2724,NaN,NaN,NaN
171,35.67684892753405,-117.48121093068434,0.8683651,2000-12-13T17:51:01.097471,1.0,-0.030196127,192.97179,200.71924,NaN,NaN,NaN
172,35.90660956405648,-117.70665035737778,3.7144787,2000-12-13T17:52:00.751953,1.0,0.31824988,172.07622,225.80197,NaN,NaN,NaN
173,35.66838843082215,-117.48319076088409,0.3986234,2000-12-13T17:53:01.150109,1.0,-0.0675028,192.81268,199.77702,NaN,NaN,NaN
174,35.6596789696,-117.52976474035444,9.477377,2000-12-13T17:54:01.077979,1.0,-0.15498503,188.61688,198.72389,NaN,NaN,NaN
175,35.725619620067334,-117.54390297339326,7.9747925,2000-12-13T17:55:00.904933,1.0,-0.17002045,187.18466,206.0123,NaN,NaN,NaN
177,35.91307883805456,-117.69320301335009,4.9834356,2000-12-13T17:57:01.313606,1.0,-0.30541462,173.2761,226.54237,NaN,NaN,NaN
178,35.66357288071774,-117.48898284334378,3.2023332,2000-12-13T17:58:01.106562,1.0,-0.0905157,192.29977,199.23193,NaN,NaN,NaN
180,35.58796758055281,-117.41880073945775,4.972249,2000-12-13T18:00:00.967385,1.0,0.06142394,198.83803,190.97998,NaN,NaN,NaN
182,35.93502653462353,-117.71416516102397,6.425687,2000-12-13T18:02:00.854084,1.0,0.0074014557,171.33745,228.9415,NaN,NaN,NaN
183,35.688372970002945,-117.50876132405705,6.236878,2000-12-13T18:03:00.459750,1.0,0.4124793,190.45105,201.94577,NaN,NaN,NaN
184,35.97310886365046,-117.66208323511768,3.6090083,2000-12-13T18:04:00.806883,1.0,0.17887348,175.9535,233.25461,NaN,NaN,NaN
185,35.92990323717184,-117.68471206096662,3.9778664,2000-12-13T18:05:01.269903,1.0,-0.22935149,174.00609,228.42311,NaN,NaN,NaN
186,35.88467481574403,-117.69000661551276,7.7609835,2000-12-13T18:06:01.184604,1.0,-0.19271688,173.62576,223.39706,NaN,NaN,NaN
187,35.94375739053054,-117.69487826313137,3.8526988,2000-12-13T18:07:00.993549,1.0,0.010181334,173.05894,229.94258,NaN,NaN,NaN
188,35.93419342166563,-117.70204260199652,4.1071043,2000-12-13T18:08:00.763711,1.0,0.21460173,172.43306,228.86954,NaN,NaN,NaN
189,35.91834352792266,-117.72995193290664,6.69338,2000-12-13T18:09:00.920280,1.0,0.09638334,169.9482,227.06447,NaN,NaN,NaN
190,35.71526948223852,-117.55521746000173,6.03967,2000-12-13T18:10:00.913668,1.0,0.06849063,186.18492,204.8435,NaN,NaN,NaN
191,35.6028809722097,-117.5765834554273,4.6032662,2000-12-13T18:11:00.944221,1.0,0.00333153,184.50708,192.33801,NaN,NaN,NaN
192,35.89442176781596,-117.67620091966634,4.5237803,2000-12-13T18:12:01.145509,1.0,-0.1388941,174.85109,224.50186,NaN,NaN,NaN
193,35.874600903852645,-117.68994468494387,7.3645535,2000-12-13T18:13:00.949563,1.0,0.04858321,173.65305,222.27971,NaN,NaN,NaN
194,35.97164203650365,-117.66114464062971,3.3235426,2000-12-13T18:14:00.806914,1.0,0.165571,176.04137,233.09352,NaN,NaN,NaN
195,35.681018330269694,-117.51840613665503,8.47836,2000-12-13T18:15:01.108091,1.0,-0.18168125,189.59537,201.112,NaN,NaN,NaN
198,35.67002295904204,-117.51299074315972,7.515184,2000-12-13T18:18:01.303002,1.0,-0.3506901,190.11127,199.90242,NaN,NaN,NaN
199,35.88653996783849,-117.67571255289684,7.505419,2000-12-13T18:19:00.973035,1.0,0.014912809,174.91228,223.6284,NaN,NaN,NaN
200,36.04581953719496,-117.85270247983425,3.0782006,2000-12-13T18:20:01.096029,1.0,-0.08779291,158.61804,241.007,NaN,NaN,NaN
201,35.65611824660855,-117.48807915972662,2.8997536,2000-12-13T18:21:01.133264,1.0,-0.10828398,192.39925,198.40674,NaN,NaN,NaN
203,35.894206356019325,-117.67643241946061,4.443268,2000-12-13T18:23:00.904312,1.0,0.1106103,174.83066,224.47757,NaN,NaN,NaN
204,35.70191656972695,-117.50813772499457,6.6507316,2000-12-13T18:24:00.950798,1.0,-0.04298527,190.47568,203.44925,NaN,NaN,NaN
205,35.90724522005015,-117.72357631756144,4.838041,2000-12-13T18:25:00.866761,1.0,0.18807589,170.54709,225.84402,NaN,NaN,NaN
206,35.89057317241541,-117.67744675940897,4.1529255,2000-12-13T18:26:01.189765,1.0,-0.15017135,174.74696,224.07281,NaN,NaN,NaN
207,35.974880467195646,-117.66477815504842,3.4915001,2000-12-13T18:27:01.023706,1.0,-0.012032476,175.70659,233.44647,NaN,NaN,NaN
209,35.92810686557745,-117.72062894919499,4.7534165,2000-12-13T18:29:00.775096,1.0,0.23229238,170.76889,228.16307,NaN,NaN,NaN
210,35.91995110413541,-117.73058845378314,4.5052857,2000-12-13T18:30:00.787249,1.0,0.22821411,169.88736,227.24173,NaN,NaN,NaN
212,35.970478593334846,-117.66247983873443,3.6445515,2000-12-13T18:32:01.305168,1.0,-0.26993072,175.9235,232.96216,NaN,NaN,NaN
214,35.597132270349135,-117.59629390300604,4.9588237,2000-12-13T18:34:00.799428,1.0,0.1688216,182.73425,191.66489,NaN,NaN,NaN
215,35.57190662747194,-117.596829664022,6.9179087,2000-12-13T18:35:00.931505,1.0,0.03934357,182.74234,188.86577,NaN,NaN,NaN
216,35.954481841789935,-117.71110692085867,4.3226457,2000-12-13T18:36:01.175242,1.0,-0.18226387,171.57191,231.10475,NaN,NaN,NaN
217,36.05103843889117,-117.84406712620827,3.8790846,2000-12-13T18:37:01.012102,1.0,0.06524749,159.3858,241.59941,NaN,NaN,NaN
218,35.926612199377246,-117.7031702863189,3.906755,2000-12-13T18:38:00.663099,1.0,0.3190268,172.34753,228.02667,NaN,NaN,NaN
223,35.90409114540357,-117.68157964115137,3.9503126,2000-12-13T18:43:01.018677,1.0,0.043720815,174.3446,225.56523,NaN,NaN,NaN
224,36.05490013245058,-117.84191955725433,3.2528026,2000-12-13T18:44:00.782059,1.0,0.2694315,159.57162,242.03114,NaN,NaN,NaN
225,36.05467728778661,-117.85066264453482,3.6234095,2000-12-13T18:45:01.127892,1.0,-0.117744625,158.78432,241.99275,NaN,NaN,NaN
226,35.673857561316545,-117.53885029067476,8.172837,2000-12-13T18:46:00.804494,1.0,0.107110985,187.76154,200.27989,NaN,NaN,NaN
227,35.87857395022074,-117.69413758366555,7.1628723,2000-12-13T18:47:00.664970,1.0,0.32067367,173.2659,222.71329,NaN,NaN,NaN
228,35.90984031388888,-117.72199531681106,4.698888,2000-12-13T18:48:01.193022,1.0,-0.18268903,170.6843,226.13454,NaN,NaN,NaN
229,36.046407279247674,-117.85085973433974,3.6816518,2000-12-13T18:49:00.874263,1.0,0.12451782,158.78293,241.07507,NaN,NaN,NaN
230,35.92102431311855,-117.71015456953845,6.2504177,2000-12-13T18:50:00.891981,1.0,0.120831974,171.72919,227.39503,NaN,NaN,NaN
232,35.58400962548292,-117.36335553998046,5.21101,2000-12-13T18:52:01.382256,1.0,-0.34795702,203.87181,190.6503,NaN,NaN,NaN
234,35.9017277734968,-117.70052543758234,7.6037364,2000-12-13T18:54:01.113139,1.0,-0.109956406,172.63953,225.27081,NaN,NaN,NaN
238,35.87282211240344,-117.6963023405161,8.100068,2000-12-13T18:58:01.089618,1.0,-0.104315616,173.08278,222.07158,NaN,NaN,NaN
240,35.678708065473884,-117.5253685521081,8.666797,2000-12-13T19:00:01.278448,1.0,-0.35869738,188.97058,200.84282,NaN,NaN,NaN
242,35.98545503919876,-117.67300621065617,2.673596,2000-12-13T19:02:01.275095,1.0,-0.23260091,174.94153,234.6053,NaN,NaN,NaN
243,35.6341306394619,-117.43353593800522,4.6808357,2000-12-13T19:03:01.021565,1.0,0.03340862,197.39078,196.07195,NaN,NaN,NaN
244,35.95866983187886,-117.71146294465656,3.9471023,2000-12-13T19:04:00.869093,1.0,0.124339834,171.53087,231.56871,NaN,NaN,NaN
245,35.96224863483878,-117.71309198898075,4.042297,2000-12-13T19:05:00.891241,1.0,0.11146259,171.3763,231.96295,NaN,NaN,NaN
246,35.91732038472863,-117.70603709945827,4.6393614,2000-12-13T19:06:00.875179,1.0,0.14564237,172.10869,226.99112,NaN,NaN,NaN
247,35.9689521130493,-117.66020245192998,3.489748,2000-12-13T19:07:00.748759,1.0,0.26908365,176.13223,232.79677,NaN,NaN,NaN
248,35.92457128269514,-117.69711160511343,4.5250063,2000-12-13T19:08:01.384070,1.0,-0.38205856,172.89865,227.81055,NaN,NaN,NaN
250,35.666164844568385,-117.48515887058859,5.8407836,2000-12-13T19:10:01.204360,1.0,-0.16192944,192.6398,199.52666,NaN,NaN,NaN
252,35.89024208412385,-117.72838276978176,7.3416514,2000-12-13T19:12:00.848738,1.0,0.14707734,170.14914,223.94989,NaN,NaN,NaN
254,35.67496573747771,-117.47603013079636,4.26117,2000-12-13T19:14:00.539288,1.0,0.44270334,193.4452,200.52016,NaN,NaN,NaN
259,35.73038678079399,-117.53117069772631,7.3936853,2000-12-13T19:19:00.529876,1.0,0.36941195,188.32535,206.56453,NaN,NaN,NaN
260,35.90323196669331,-117.67099715671988,4.1697173,2000-12-13T19:20:01.175721,1.0,-0.14446312,175.3017,225.48808,NaN,NaN,NaN
261,35.92401663154747,-117.73691423011736,4.858282,2000-12-13T19:21:01.056070,1.0,-0.037247844,169.30792,227.68217,NaN,NaN,NaN
263,35.914828368624654,-117.73221183407506,7.2662344,2000-12-13T19:23:01.205895,1.0,-0.19632372,169.75165,226.67078,NaN,NaN,NaN
264,35.88221440072076,-117.70987103252878,5.1048265,2000-12-13T19:24:00.721862,1.0,0.32386178,171.83751,223.09047,NaN,NaN,NaN
265,35.59580624113414,-117.42059482856094,5.0935493,2000-12-13T19:25:00.683748,1.0,0.3242876,198.65633,191.84598,NaN,NaN,NaN
266,35.699171876882644,-117.51146142174485,5.667822,2000-12-13T19:26:00.925952,1.0,-0.045905154,190.18137,203.1386,NaN,NaN,NaN
267,36.05878353668201,-117.84795863726417,3.260726,2000-12-13T19:27:01.003962,1.0,-0.008234565,159.0198,242.45247,NaN,NaN,NaN
269,35.62467139122387,-117.42619659711171,4.8545985,2000-12-13T19:29:01.210993,1.0,-0.12057606,198.07848,195.03691,NaN,NaN,NaN
272,35.68173653089731,-117.52753319658447,7.853966,2000-12-13T19:32:01.303118,1.0,-0.38096887,188.76761,201.17474,NaN,NaN,NaN
275,35.640449524049664,-117.44455515488487,3.270224,2000-12-13T19:35:01.171967,1.0,-0.11592575,196.37761,196.7516,NaN,NaN,NaN
276,35.92577326538123,-117.70987681724053,3.9430416,2000-12-13T19:36:00.873476,1.0,0.17475359,171.74413,227.92229,NaN,NaN,NaN
277,35.97190027221125,-117.66267494118549,3.5519693,2000-12-13T19:37:00.875107,1.0,0.13721983,175.90279,233.11952,NaN,NaN,NaN
278,35.61370039044328,-117.42279938717465,4.206422,2000-12-13T19:38:00.886372,1.0,0.18718831,198.41293,193.82657,NaN,NaN,NaN
279,35.95603044479751,-117.70461205900158,4.603854,2000-12-13T19:39:00.968451,1.0,0.059464328,172.1545,231.28749,NaN,NaN,NaN
280,35.8801588844264,-117.67957225867097,5.1547585,2000-12-13T19:40:01.118332,1.0,-0.095277175,174.57762,222.91396,NaN,NaN,NaN
281,35.6548578386236,-117.46914703805531,5.1207037,2000-12-13T19:41:01.355829,1.0,-0.19404544,194.1163,198.30278,NaN,NaN,NaN
282,35.579686079032776,-117.61612748343343,5.716789,2000-12-13T19:42:01.073433,1.0,-0.113803424,180.97601,189.69434,NaN,NaN,NaN
283,35.60439720613644,-117.43287668626067,5.374218,2000-12-13T19:43:01.144242,1.0,-0.14618888,197.5227,192.77509,NaN,NaN,NaN
284,35.587558588595435,-117.41942642444648,5.3092003,2000-12-13T19:44:01.022640,1.0,-0.001697607,198.78233,190.9334,NaN,NaN,NaN
288,35.896887521039,-117.7174317536736,5.7614326,2000-12-13T19:48:01.022033,1.0,-0.028713476,171.1237,224.70538,NaN,NaN,NaN
289,35.95444749506945,-117.70532079322652,4.80454,2000-12-13T19:49:01.244922,1.0,-0.2255159,172.09395,231.1107,NaN,NaN,NaN
291,35.625247109106425,-117.42492443906883,6.13352,2000-12-13T19:51:00.901749,1.0,0.15566783,198.19229,195.10324,NaN,NaN,NaN
292,35.67820011938339,-117.48423488660218,0.97198737,2000-12-13T19:52:01.392116,1.0,-0.37652186,192.69487,200.8634,NaN,NaN,NaN
293,35.915272871473206,-117.69183858800665,4.5260973,2000-12-13T19:53:01.156989,1.0,-0.1517002,173.39452,226.78807,NaN,NaN,NaN
294,35.89951435852761,-117.6995189633776,6.954451,2000-12-13T19:54:00.882224,1.0,0.11309996,172.73512,225.027,NaN,NaN,NaN
295,35.92190485421227,-117.70708134534225,3.787842,2000-12-13T19:55:00.807465,1.0,0.19674665,172.00465,227.4979,NaN,NaN,NaN
296,35.693301868197594,-117.53593742934208,9.138087,2000-12-13T19:56:00.414225,1.0,0.47238708,187.98015,202.44211,NaN,NaN,NaN
297,35.9242066630525,-117.69379079797596,4.1878424,2000-12-13T19:57:00.852080,1.0,0.15493375,173.19911,227.77574,NaN,NaN,NaN
298,35.69108271858764,-117.52742257916293,7.1139507,2000-12-13T19:58:01.494934,1.0,-0.5216033,188.75587,202.21167,NaN,NaN,NaN
299,35.715529387111076,-117.52132962344218,4.647629,2000-12-13T19:59:01.085522,1.0,0.0015434325,189.25021,204.9347,NaN,NaN,NaN
300,35.697915468479515,-117.53406509649469,8.710408,2000-12-13T20:00:01.110498,1.0,-0.192905,188.13889,202.95732,NaN,NaN,NaN
302,35.629337521968665,-117.42529499760973,4.845601,2000-12-13T20:02:01.625656,1.0,-0.47347948,198.14876,195.55624,NaN,NaN,NaN
303,35.75930596350999,-117.57823843613646,7.865834,2000-12-13T20:03:01.092042,1.0,-0.14460175,184.00209,209.68648,NaN,NaN,NaN
304,35.985784116152985,-117.66723456008414,3.2664976,2000-12-13T20:04:00.627579,1.0,0.37630108,175.46126,234.65173,NaN,NaN,NaN
305,35.88567164998847,-117.67677635670748,4.9241157,2000-12-13T20:05:00.939535,1.0,0.0888617,174.81812,223.53026,NaN,NaN,NaN
306,35.639762598957496,-117.44362278050308,3.5547621,2000-12-13T20:06:01.238160,1.0,-0.1795207,196.4637,196.6772,NaN,NaN,NaN
307,35.915133116453745,-117.69456644458408,4.7295065,2000-12-13T20:07:00.884164,1.0,0.12660073,173.14862,226.76793,NaN,NaN,NaN
308,35.91504352781695,-117.6844000113568,4.6083713,2000-12-13T20:08:00.872493,1.0,0.14085029,174.06636,226.77531,NaN,NaN,NaN
310,35.61248215909064,-117.41605139189113,5.3831573,2000-12-13T20:10:01.208210,1.0,-0.24561483,199.02716,193.70457,NaN,NaN,NaN
311,35.600109639710944,-117.59658605748079,3.3771687,2000-12-13T20:11:01.034882,1.0,-0.16935132,182.7011,191.99463,NaN,NaN,NaN
314,35.62432686998463,-117.42408645291205,3.4591517,2000-12-13T20:14:00.896118,1.0,0.18204474,198.27043,195.00279,NaN,NaN,NaN
316,35.732911435257066,-117.53594600323126,5.03441,2000-12-13T20:16:01.412220,1.0,-0.3650981,187.88754,206.83577,NaN,NaN,NaN
317,36.06366773667409,-117.84987293490151,4.609076,2000-12-13T20:17:01.239713,1.0,-0.24303105,158.83766,242.99127,NaN,NaN,NaN
318,35.94146412167654,-117.69830978958213,4.8595824,2000-12-13T20:18:01.181504,1.0,-0.1273676,172.75427,229.68237,NaN,NaN,NaN
319,35.93328287935685,-117.70411410833235,4.385267,2000-12-13T20:19:00.955147,1.0,0.03845132,172.2481,228.76503,NaN,NaN,NaN
320,35.89078949132034,-117.72727255940973,6.4215226,2000-12-13T20:20:00.918919,1.0,0.07958654,170.24821,224.01247,NaN,NaN,NaN
321,35.93705445416144,-117.69746612490098,4.3415165,2000-12-13T20:21:01.080301,1.0,-0.07737031,172.83986,229.19466,NaN,NaN,NaN
322,35.597139207666984,-117.59550490115933,4.3692837,2000-12-13T20:22:01.071622,1.0,-0.15736635,182.80573,191.66707,NaN,NaN,NaN
323,35.70548832729429,-117.5475836602688,5.866033,2000-12-13T20:23:00.923667,1.0,0.06927918,186.89812,203.77249,NaN,NaN,NaN
324,35.67014492684696,-117.47432490731538,4.219058,2000-12-13T20:24:00.881107,1.0,0.13586162,193.61105,199.98865,NaN,NaN,NaN
326,35.980418401609974,-117.66557221237755,3.773413,2000-12-13T20:26:00.913152,1.0,0.09507385,175.62288,234.0594,NaN,NaN,NaN
327,35.760432736524365,-117.57014521645328,6.257084,2000-12-13T20:27:01.237743,1.0,-0.24613445,184.73134,209.8261,NaN,NaN,NaN
328,35.74773415329462,-117.57521908173922,6.520174,2000-12-13T20:28:01.181841,1.0,-0.20880963,184.30145,208.40833,NaN,NaN,NaN
329,35.908517852779966,-117.71969343407072,6.444566,2000-12-13T20:29:00.985033,1.0,0.007601067,170.89487,225.9917,NaN,NaN,NaN
330,35.89861904515023,-117.71342554282482,7.3792057,2000-12-13T20:30:01.003775,1.0,-0.002641032,171.48167,224.90419,NaN,NaN,NaN
331,35.66407238105437,-117.47790301556047,1.1297071,2000-12-13T20:31:00.909119,1.0,0.10457704,193.30162,199.30827,NaN,NaN,NaN
332,35.902399292865525,-117.69689693519088,4.4869633,2000-12-13T20:32:01.046100,1.0,-0.034105152,172.96562,225.35146,NaN,NaN,NaN
333,35.882755822681474,-117.68169195260262,3.937865,2000-12-13T20:33:00.748935,1.0,0.2693909,174.38062,223.1984,NaN,NaN,NaN
335,35.924122112250345,-117.71308974312872,4.40604,2000-12-13T20:35:01.226661,1.0,-0.2218054,171.4577,227.73372,NaN,NaN,NaN
336,35.61950149328134,-117.44192048491831,7.0813,2000-12-13T20:36:01.166220,1.0,-0.14507477,196.66687,194.43304,NaN,NaN,NaN
337,35.62989487862831,-117.4317631739172,7.0498333,2000-12-13T20:37:00.839183,1.0,0.19597784,197.56161,195.60553,NaN,NaN,NaN
338,35.8961505608334,-117.7009354925114,7.292379,2000-12-13T20:38:01.005790,1.0,-0.01045586,172.61446,224.65146,NaN,NaN,NaN
340,35.630742600843114,-117.42518640618042,4.540618,2000-12-13T20:40:00.832439,1.0,0.25454196,198.15517,195.71231,NaN,NaN,NaN
345,35.62906656492374,-117.42908123208122,3.564136,2000-12-13T20:45:00.914929,1.0,0.18260087,197.80652,195.51884,NaN,NaN,NaN
346,35.899039708183295,-117.69918100972876,4.529326,2000-12-13T20:46:00.749243,1.0,0.25392547,172.76665,224.97491,NaN,NaN,NaN
350,35.654745809421854,-117.49678987071462,5.2371025,2000-12-13T20:50:01.113760,1.0,0.15065646,191.61385,198.23811,NaN,NaN,NaN
351,35.907848833392,-117.67928984904586,3.817167,2000-12-13T20:51:00.954789,1.0,0.03480654,174.54315,225.98598,NaN,NaN,NaN
352,35.88594297563342,-117.68115253035809,2.9183297,2000-12-13T20:52:01.190099,1.0,-0.13698913,174.42242,223.55286,NaN,NaN,NaN
353,35.63026665329335,-117.43233565377405,3.403698,2000-12-13T20:53:01.058274,1.0,0.04162363,197.50887,195.64566,NaN,NaN,NaN
355,35.939622988800714,-117.70099826441142,3.8352711,2000-12-13T20:55:01.051720,1.0,-0.038326796,172.51566,229.47359,NaN,NaN,NaN
357,35.610340375573045,-117.46559722185394,4.8512955,2000-12-13T20:57:01.254124,1.0,-0.15976559,194.54424,193.37149,NaN,NaN,NaN
358,35.97510753941146,-117.67593425982034,3.3127,2000-12-13T20:58:01.004976,1.0,0.030917268,174.69998,233.45247,NaN,NaN,NaN
359,35.93847944281809,-117.6920343538858,4.0771737,2000-12-13T20:59:00.813393,1.0,0.18843505,173.32689,229.36195,NaN,NaN,NaN
360,35.714896102413086,-117.55916488562166,6.6782546,2000-12-13T21:00:00.788858,1.0,0.19388127,185.82864,204.79489,NaN,NaN,NaN
362,36.06142991559151,-117.85310880135316,2.9802375,2000-12-13T21:02:00.574263,1.0,0.36778042,158.55057,242.73799,NaN,NaN,NaN
364,35.577633198527735,-117.61938744166537,5.678393,2000-12-13T21:04:00.693901,1.0,0.2522415,180.68513,189.46085,NaN,NaN,NaN
365,35.69191723232114,-117.52262390094431,7.4447875,2000-12-13T21:05:01.019900,1.0,-0.09531294,189.1882,202.31313,NaN,NaN,NaN
366,35.98050482221784,-117.66958690540967,3.3283494,2000-12-13T21:06:00.946939,1.0,0.08977949,175.26065,234.06207,NaN,NaN,NaN
367,35.91002261328164,-117.69448003436871,4.8919697,2000-12-13T21:07:01.220056,1.0,-0.20534866,173.1674,226.20119,NaN,NaN,NaN
368,35.60654764806978,-117.58480836962958,6.1790485,2000-12-13T21:08:00.880334,1.0,0.10003875,183.75363,192.7299,NaN,NaN,NaN
369,35.93521102144762,-117.69335936414237,4.427519,2000-12-13T21:09:00.940578,1.0,0.06933724,173.21437,228.99715,NaN,NaN,NaN
372,35.64354436515098,-117.45499249205457,5.7753696,2000-12-13T21:12:01.024464,1.0,-0.075639434,195.42503,197.07486,NaN,NaN,NaN
374,35.93211662165933,-117.70289344451126,3.414636,2000-12-13T21:14:01.078377,1.0,-0.06624892,172.36073,228.63773,NaN,NaN,NaN
376,35.666588042173885,-117.4771993548485,2.0275176,2000-12-13T21:16:00.733331,1.0,0.25244537,193.35933,199.58865,NaN,NaN,NaN
377,35.89030295915546,-117.72016270575753,5.6051407,2000-12-13T21:17:01.412948,1.0,-0.40991935,170.89113,223.9704,NaN,NaN,NaN
379,36.025772638774505,-117.85621243034099,3.347637,2000-12-13T21:19:00.902696,1.0,0.27853703,158.34131,238.77779,NaN,NaN,NaN
381,35.92012162970466,-117.74014486929242,4.1260185,2000-12-13T21:21:00.637872,1.0,0.3374283,169.02455,227.24475,NaN,NaN,NaN
382,35.57707245156334,-117.6192459403928,5.6274858,2000-12-13T21:22:01.214480,1.0,-0.26099098,180.6992,189.3989,NaN,NaN,NaN
384,35.64714053247958,-117.44649281690384,3.0624368,2000-12-13T21:24:01.030770,1.0,-0.06556996,196.18599,197.49007,NaN,NaN,NaN
385,35.87584571369607,-117.70918096428476,5.4467125,2000-12-13T21:25:01.019375,1.0,0.007425047,171.91339,222.38518,NaN,NaN,NaN
386,35.94445623190245,-117.69540231257821,3.957696,2000-12-13T21:26:00.874411,1.0,0.13232513,173.01016,230.01921,NaN,NaN,NaN
387,35.898593617397594,-117.6744843660265,3.4663422,2000-12-13T21:27:00.832855,1.0,0.15888944,174.997,224.96758,NaN,NaN,NaN
389,35.89946318811195,-117.69852017095775,4.655432,2000-12-13T21:29:01.046225,1.0,-0.037365597,172.8254,225.02301,NaN,NaN,NaN
391,35.595428852899104,-117.42322014964762,4.645611,2000-12-13T21:31:01.109153,1.0,-0.078498825,198.41939,191.79901,NaN,NaN,NaN
392,35.888665444805795,-117.6840735761365,4.6064844,2000-12-13T21:32:00.689107,1.0,0.3110021,174.15282,223.84985,NaN,NaN,NaN
394,35.62596519252362,-117.4527965554199,6.1545362,2000-12-13T21:34:01.006401,1.0,0.02155115,195.6662,195.12912,NaN,NaN,NaN
395,35.900928626845484,-117.67048756746694,3.6575305,2000-12-13T21:35:00.955340,1.0,0.050693847,175.3527,225.23346,NaN,NaN,NaN
396,35.872488414250384,-117.7019811656299,3.652874,2000-12-13T21:36:00.865222,1.0,0.21487321,172.5707,222.02493,NaN,NaN,NaN
397,35.59953384571569,-117.4290388223213,5.3708854,2000-12-13T21:37:00.965040,1.0,0.049159817,197.88222,192.24306,NaN,NaN,NaN
398,35.69909828469491,-117.52823578094542,9.295721,2000-12-13T21:38:00.940475,1.0,-0.034879573,188.66364,203.09929,NaN,NaN,NaN
399,35.94624924182434,-117.69420390333248,3.5808241,2000-12-13T21:39:00.828029,1.0,0.18510766,173.11443,230.22014,NaN,NaN,NaN
401,35.88401224245299,-117.68777181183813,7.3131247,2000-12-13T21:41:00.891830,1.0,0.10608501,173.82896,223.32738,NaN,NaN,NaN
404,35.600825580427866,-117.59290254268048,4.633338,2000-12-13T21:44:00.924434,1.0,0.019046832,183.03322,192.08064,NaN,NaN,NaN
405,35.9048799598288,-117.6717806981026,3.1101553,2000-12-13T21:45:01.071698,1.0,-0.11847367,175.22739,225.66954,NaN,NaN,NaN
406,35.95428056869637,-117.7139518571755,4.030187,2000-12-13T21:46:00.990776,1.0,0.013818592,171.3157,231.07764,NaN,NaN,NaN
407,35.9318553365829,-117.6827573165323,3.7593865,2000-12-13T21:47:00.996140,1.0,0.0105732465,174.17825,228.64299,NaN,NaN,NaN
408,35.64474598798839,-117.45110863733245,2.7402854,2000-12-13T21:48:01.052324,1.0,-0.013122731,195.77382,197.21559,NaN,NaN,NaN
409,35.66588092178876,-117.52877764413947,9.175036,2000-12-13T21:49:00.929803,1.0,-0.012656002,188.69183,199.41367,NaN,NaN,NaN
410,35.633845147666754,-117.42618393207871,4.744797,2000-12-13T21:50:00.765594,1.0,0.31218365,198.05727,196.05452,NaN,NaN,NaN
411,35.81922638805808,-117.65005629712678,3.0760725,2000-12-13T21:51:01.284428,1.0,0.027728176,177.3765,216.20592,NaN,NaN,NaN
412,35.64203596312688,-117.43960105926256,4.208258,2000-12-13T21:52:01.323281,1.0,-0.253618,196.82237,196.93712,NaN,NaN,NaN
413,35.62915284716453,-117.45627507735783,3.9542558,2000-12-13T21:53:00.895636,1.0,0.17315038,195.34349,195.47604,NaN,NaN,NaN
414,35.68843020976007,-117.53386967352611,8.35731,2000-12-13T21:54:00.708898,1.0,0.18584216,188.17857,201.90553,NaN,NaN,NaN
415,35.97646094388221,-117.66588837153533,3.811223,2000-12-13T21:55:00.995802,1.0,0.02388138,175.60301,233.61987,NaN,NaN,NaN
417,35.97573676826225,-117.66276258003151,3.1334004,2000-12-13T21:57:01.336061,1.0,-0.37993035,175.88649,233.54494,NaN,NaN,NaN
418,35.988526249683254,-117.66748529597174,2.5283728,2000-12-13T21:58:00.848134,1.0,0.15836892,175.43266,234.95547,NaN,NaN,NaN
419,35.65637735557197,-117.53941939484157,9.277317,2000-12-13T21:59:00.868340,1.0,0.06261058,187.75044,198.33986,NaN,NaN,NaN
421,35.610966412236586,-117.41016870979017,5.915575,2000-12-13T22:01:00.807620,1.0,0.14366017,199.56375,193.54793,NaN,NaN,NaN
422,36.0538559302087,-117.85431464982483,3.2572024,2000-12-13T22:02:00.809105,1.0,0.18761098,158.4569,241.89595,NaN,NaN,NaN
423,35.58635417782036,-117.41869437120421,4.700102,2000-12-13T22:03:01.181714,1.0,-0.1385362,198.85161,190.80122,NaN,NaN,NaN
424,35.88990049400941,-117.68796483363182,4.9880443,2000-12-13T22:04:00.958195,1.0,0.029670693,173.79884,223.98021,NaN,NaN,NaN
425,35.89518903389503,-117.67840535008737,8.050674,2000-12-13T22:05:01.096188,1.0,-0.09148996,174.65042,224.58319,NaN,NaN,NaN
426,35.67453450985321,-117.48768603845798,1.3874937,2000-12-13T22:06:01.089924,1.0,-0.073598064,192.39119,200.45029,NaN,NaN,NaN
427,35.674611627757514,-117.48353519717193,0.6338252,2000-12-13T22:07:01.040049,1.0,0.017996307,192.76672,200.46667,NaN,NaN,NaN
428,35.95916270542164,-117.70521235982875,3.9669101,2000-12-13T22:08:01.435782,1.0,-0.4076069,172.09364,231.63393,NaN,NaN,NaN
429,35.91270913402616,-117.69581910403674,4.1448517,2000-12-13T22:09:00.983818,1.0,0.035133388,173.04077,226.49692,NaN,NaN,NaN
430,35.67198000307386,-117.48694935971943,1.5473454,2000-12-13T22:10:01.157030,1.0,-0.14359713,192.46393,200.16832,NaN,NaN,NaN
431,35.75728124957746,-117.57819753635371,7.4400516,2000-12-13T22:11:01.105912,1.0,-0.15695988,184.01039,209.46196,NaN,NaN,NaN
432,35.63269174817057,-117.4292874255016,4.80582,2000-12-13T22:12:00.788233,1.0,0.29584187,197.77902,195.92056,NaN,NaN,NaN
433,35.666670511618065,-117.52060711839572,8.304331,2000-12-13T22:13:00.651339,1.0,0.27614948,189.42964,199.51639,NaN,NaN,NaN
434,36.04121131798772,-117.8700075117184,3.4284272,2000-12-13T22:14:00.997013,1.0,0.045309808,157.0677,240.469,NaN,NaN,NaN
435,35.93864131845007,-117.69932838770806,4.1017222,2000-12-13T22:15:00.946292,1.0,0.045214258,172.66843,229.36752,NaN,NaN,NaN
436,35.66886764685695,-117.52567830479116,9.286216,2000-12-13T22:16:01.045583,1.0,-0.1357138,188.96545,199.7507,NaN,NaN,NaN
437,35.918203469116996,-117.73006003207641,6.6855273,2000-12-13T22:17:01.172771,1.0,-0.15726233,169.93874,227.04875,NaN,NaN,NaN
438,35.62751489496233,-117.42682400213775,5.790532,2000-12-13T22:18:01.176677,1.0,-0.10952882,198.01472,195.3511,NaN,NaN,NaN
440,35.611333116886016,-117.46557909001746,4.717532,2000-12-13T22:20:00.885154,1.0,0.20035504,194.5435,193.48164,NaN,NaN,NaN
441,35.90734304059767,-117.72284829315508,6.523779,2000-12-13T22:21:01.011889,1.0,-0.026198309,170.6126,225.8561,NaN,NaN,NaN
442,35.77184033172285,-117.56462151349805,6.870023,2000-12-13T22:22:00.719283,1.0,0.21594654,185.2047,211.1015,NaN,NaN,NaN
444,35.702412545729686,-117.50281983578851,5.6793237,2000-12-13T22:24:00.928641,1.0,-0.034483545,190.9557,203.5142,NaN,NaN,NaN
445,35.74400939920083,-117.55277621732661,4.942938,2000-12-13T22:25:01.155775,1.0,-0.16011055,186.33968,208.03593,NaN,NaN,NaN
446,35.69992482821799,-117.50905296655803,7.961578,2000-12-13T22:26:01.098841,1.0,-0.18687868,190.39754,203.22661,NaN,NaN,NaN
447,35.90290135346238,-117.67871584138453,4.1070333,2000-12-13T22:27:01.058482,1.0,-0.08046169,174.60568,225.43816,NaN,NaN,NaN
448,35.577413473678,-117.61926402173827,5.4603224,2000-12-13T22:28:00.906473,1.0,0.04584773,180.69681,189.43669,NaN,NaN,NaN
449,35.573578101486675,-117.34230195885749,2.967019,2000-12-13T22:29:00.928960,1.0,0.04768195,205.80591,189.53545,NaN,NaN,NaN
450,35.96640734259253,-117.66196311936454,4.087062,2000-12-13T22:30:01.243724,1.0,-0.16822048,175.979,232.51144,NaN,NaN,NaN
451,35.57232160633104,-117.59624764361807,6.2645526,2000-12-13T22:31:00.912470,1.0,0.060902905,182.79416,188.91284,NaN,NaN,NaN
452,35.92696122959407,-117.70794172526601,7.1445227,2000-12-13T22:32:01.139017,1.0,-0.29930937,171.91621,228.05733,NaN,NaN,NaN
453,35.667653228157846,-117.49084756776915,3.2284896,2000-12-13T22:33:01.114406,1.0,-0.09892457,192.1213,199.68103,NaN,NaN,NaN
454,35.914178080131215,-117.68533351882523,4.3454494,2000-12-13T22:34:00.836465,1.0,0.16601944,173.98398,226.67772,NaN,NaN,NaN
455,35.82312030656439,-117.65528484650642,3.745693,2000-12-13T22:35:00.994138,1.0,0.28995755,176.89552,216.62877,NaN,NaN,NaN
457,35.64281826609683,-117.45335649212421,3.0507896,2000-12-13T22:37:01.139550,1.0,-0.11889692,195.57492,196.99745,NaN,NaN,NaN
459,35.62868365998905,-117.43043972797508,6.915884,2000-12-13T22:39:01.027128,1.0,0.0086286655,197.68442,195.47374,NaN,NaN,NaN
460,35.57837748108327,-117.61573158982354,5.7591395,2000-12-13T22:40:00.744061,1.0,0.21605541,181.0148,189.54988,NaN,NaN,NaN
461,35.67556615347482,-117.51639651175572,7.770296,2000-12-13T22:41:01.245168,1.0,-0.2988921,189.79001,200.51096,NaN,NaN,NaN
462,35.76738850518734,-117.57142218502105,7.143881,2000-12-13T22:42:01.050746,1.0,-0.10919978,184.6,210.59535,NaN,NaN,NaN
465,35.96089924986525,-117.71421157766402,4.224604,2000-12-13T22:45:00.789659,1.0,0.21126927,171.27818,231.81139,NaN,NaN,NaN
466,35.89655803746745,-117.70516674053232,7.80288,2000-12-13T22:46:00.994534,1.0,0.0048896535,172.23161,224.6895,NaN,NaN,NaN
468,35.902571083588825,-117.68082783280529,4.174395,2000-12-13T22:48:00.671305,1.0,0.3451624,174.41576,225.3979,NaN,NaN,NaN
469,35.8791881725813,-117.67994872708857,5.522708,2000-12-13T22:49:00.956663,1.0,0.06776792,174.54573,222.80563,NaN,NaN,NaN
470,35.772378861085066,-117.57232275680407,6.601509,2000-12-13T22:50:01.094904,1.0,-0.1579707,184.5072,211.14728,NaN,NaN,NaN
472,35.69210986680914,-117.5143072808055,6.4588065,2000-12-13T22:52:01.089263,1.0,-0.20745791,189.94038,202.34995,NaN,NaN,NaN
474,35.89061160209317,-117.70740124181087,6.691248,2000-12-13T22:54:00.943302,1.0,0.081562296,172.04259,224.02611,NaN,NaN,NaN
475,35.67600410204361,-117.48662798607967,1.3462721,2000-12-13T22:55:00.718198,1.0,0.2903605,192.48347,200.6153,NaN,NaN,NaN
476,35.91662868531242,-117.69277401160478,4.0301394,2000-12-13T22:56:00.916641,1.0,0.11796364,173.30717,226.93687,NaN,NaN,NaN
478,35.74853672129731,-117.5723697010255,7.844157,2000-12-13T22:58:01.032885,1.0,-0.08906042,184.55731,208.5025,NaN,NaN,NaN
479,36.06083633403559,-117.85719679273677,4.5689173,2000-12-13T22:59:01.047266,1.0,-0.034878917,158.18344,242.66579,NaN,NaN,NaN
480,35.651977417500305,-117.51897942065352,9.387961,2000-12-13T23:00:00.905773,1.0,0.03130025,189.6113,197.88959,NaN,NaN,NaN
481,36.057460586188505,-117.84776809347956,3.628728,2000-12-13T23:01:01.426461,1.0,-0.37505066,159.0396,242.30602,NaN,NaN,NaN
484,35.63922445829921,-117.44142805276229,4.016004,2000-12-13T23:04:01.041903,1.0,0.019175338,196.66374,196.62173,NaN,NaN,NaN
485,35.65210857814907,-117.45676656943589,4.5533204,2000-12-13T23:05:01.023507,1.0,0.18300246,195.2438,198.02144,NaN,NaN,NaN
486,35.87969037079533,-117.68087375963086,5.2616167,2000-12-13T23:06:01.319061,1.0,-0.28738484,174.46112,222.85976,NaN,NaN,NaN
488,35.89342021034347,-117.67835433404194,3.3142452,2000-12-13T23:08:01.071559,1.0,-0.026400162,174.65886,224.38707,NaN,NaN,NaN
489,35.5728808859721,-117.62560157157587,6.447915,2000-12-13T23:09:01.186360,1.0,-0.23795597,180.13248,188.92271,NaN,NaN,NaN
490,35.57573787073451,-117.348421378748,3.7200007,2000-12-13T23:10:01.019966,1.0,-0.07702131,205.2459,189.7627,NaN,NaN,NaN
492,35.68194878642391,-117.50729987247459,8.5867195,2000-12-13T23:12:00.951111,1.0,-0.016636757,190.5984,201.2359,NaN,NaN,NaN
493,35.926576416796124,-117.70705160408822,4.7331486,2000-12-13T23:13:01.115623,1.0,-0.13389575,171.99736,228.01614,NaN,NaN,NaN
495,35.960853398830906,-117.68878083244904,3.8557303,2000-12-13T23:15:01.110862,1.0,-0.11031912,173.57217,231.84935,NaN,NaN,NaN
496,35.89447219275192,-117.70506382135703,8.0836525,2000-12-13T23:16:00.962916,1.0,0.03281268,172.24536,224.4583,NaN,NaN,NaN
497,35.641928952426966,-117.44769545153397,5.948267,2000-12-13T23:17:00.963842,1.0,0.00893949,196.08968,196.90967,NaN,NaN,NaN
498,35.93870183422107,-117.69605369288315,4.246021,2000-12-13T23:18:01.161873,1.0,-0.15467726,172.96376,229.37979,NaN,NaN,NaN
499,35.679949013968795,-117.51570249004835,8.792868,2000-12-13T23:19:00.812741,1.0,0.09721194,189.84258,200.99841,NaN,NaN,NaN
500,35.61898894095592,-117.43834372269613,7.265808,2000-12-13T23:20:00.931651,1.0,0.096954845,196.99208,194.38309,NaN,NaN,NaN
501,35.640095630378546,-117.44136449285547,4.173903,2000-12-13T23:21:01.172188,1.0,-0.11338535,196.66739,196.71849,NaN,NaN,NaN
502,35.688093036894564,-117.52566944212722,7.3800397,2000-12-13T23:22:00.986784,1.0,-0.06676683,188.9215,201.88329,NaN,NaN,NaN
504,35.64257094701328,-117.44637726179937,6.5918107,2000-12-13T23:24:00.878918,1.0,0.08107216,196.20749,196.98341,NaN,NaN,NaN
505,35.899412722645515,-117.69860233720632,4.6095667,2000-12-13T23:25:00.891254,1.0,0.12028753,172.81808,225.01727,NaN,NaN,NaN
506,35.668239396055775,-117.47585122442874,4.298251,2000-12-13T23:26:00.856002,1.0,0.16712378,193.47743,199.77438,NaN,NaN,NaN
507,35.9341569294882,-117.67266099154618,3.3238983,2000-12-13T23:27:00.526267,1.0,0.4277074,175.08427,228.9156,NaN,NaN,NaN
508,36.05667333771671,-117.84326084171649,3.0172076,2000-12-13T23:28:01.069362,1.0,-0.03652178,159.44725,242.22574,NaN,NaN,NaN
510,35.98272785413874,-117.6704528200451,3.5384886,2000-12-13T23:30:01.381986,1.0,-0.30905512,175.17772,234.30717,NaN,NaN,NaN
511,35.882595344922514,-117.68119606373018,7.5873404,2000-12-13T23:31:01.024777,1.0,-0.025039397,174.42574,223.18144,NaN,NaN,NaN
512,35.608481448261735,-117.40626683697853,4.856865,2000-12-13T23:32:00.930173,1.0,0.043724816,199.92331,193.27992,NaN,NaN,NaN
514,35.92774483988367,-117.71357072852476,4.690614,2000-12-13T23:34:01.072198,1.0,-0.08040449,171.40659,228.13477,NaN,NaN,NaN
515,35.8826765314629,-117.69024084817245,7.4330316,2000-12-13T23:35:00.845475,1.0,0.15183014,173.60892,223.175,NaN,NaN,NaN
516,36.06007011973371,-117.84154438930149,2.8266249,2000-12-13T23:36:00.734132,1.0,0.28915817,159.59514,242.60522,NaN,NaN,NaN
517,35.89574341708992,-117.73728633106278,7.016842,2000-12-13T23:37:01.025042,1.0,-0.030730784,169.33376,224.5453,NaN,NaN,NaN
518,35.67387741365659,-117.5211242670417,7.9088616,2000-12-13T23:38:00.924707,1.0,-0.00015045209,189.36601,200.31485,NaN,NaN,NaN
519,35.90318453166281,-117.67848083568403,3.4505906,2000-12-13T23:39:01.044798,1.0,-0.056822915,174.62628,225.46997,NaN,NaN,NaN
521,35.954458152947815,-117.68388736287758,3.9717877,2000-12-13T23:41:00.950917,1.0,0.056221016,174.0274,231.1483,NaN,NaN,NaN
523,35.95177155876222,-117.70271108865892,4.8833137,2000-12-13T23:43:01.209053,1.0,-0.19392669,172.3351,230.81828,NaN,NaN,NaN
524,35.58565890739943,-117.41760373201309,5.233467,2000-12-13T23:44:00.936126,1.0,0.0889406,198.95213,190.72623,NaN,NaN,NaN
526,35.68925481138176,-117.52142612544797,7.5171437,2000-12-13T23:46:01.186160,1.0,-0.259848,189.30281,202.02002,NaN,NaN,NaN
527,35.68108006455429,-117.5273582175646,7.814099,2000-12-13T23:47:00.766751,1.0,0.14372398,188.78497,201.10225,NaN,NaN,NaN
528,35.903800939468894,-117.69649695071834,4.9369187,2000-12-13T23:48:01.105176,1.0,-0.085124515,172.99872,225.50761,NaN,NaN,NaN
529,35.88142146383507,-117.69155870091657,3.312263,2000-12-13T23:49:00.837144,1.0,0.2111547,173.49263,223.03354,NaN,NaN,NaN
530,35.96079016647242,-117.71272400025006,4.1261,2000-12-13T23:50:00.911557,1.0,0.096920066,171.4126,231.80179,NaN,NaN,NaN
531,35.91318344153774,-117.73087424648317,4.8054037,2000-12-13T23:51:01.464882,1.0,-0.42615265,169.87584,226.49054,NaN,NaN,NaN
533,36.066268238374384,-117.84456111800361,3.7678628,2000-12-13T23:53:00.772537,1.0,0.27456796,159.31104,243.28804,NaN,NaN,NaN
534,35.70461156536099,-117.49876252308907,5.099108,2000-12-13T23:54:01.065014,1.0,-0.1682909,191.31764,203.76573,NaN,NaN,NaN
535,36.02784185251106,-117.85883086582403,3.2296648,2000-12-13T23:55:01.418226,1.0,-0.22507313,158.10123,239.00325,NaN,NaN,NaN
537,35.769248993491864,-117.57527801096248,7.1506686,2000-12-13T23:57:00.774301,1.0,0.16480075,184.24715,210.79475,NaN,NaN,NaN
539,35.91116494359116,-117.72398784640008,5.453651,2000-12-13T23:59:01.056661,1.0,-0.06806709,170.50165,226.27814,NaN,NaN,NaN
540,35.62909748519777,-117.42408533642512,4.191634,2000-12-14T00:00:01.016603,1.0,0.076248154,198.2589,195.53197,NaN,NaN,NaN
541,35.899049476875774,-117.71227527113098,8.344988,2000-12-14T00:01:00.754699,1.0,0.26461515,171.5846,224.95387,NaN,NaN,NaN
542,35.93681595479557,-117.70408951881943,4.45582,2000-12-14T00:02:00.936643,1.0,0.028994324,172.24275,229.15698,NaN,NaN,NaN
543,35.63383480089808,-117.4580414696275,6.076088,2000-12-14T00:03:01.061424,1.0,-0.08984927,195.17227,195.992,NaN,NaN,NaN
545,35.56895842805596,-117.334078382697,3.570559,2000-12-14T00:05:00.961717,1.0,0.010067783,206.56288,189.03963,NaN,NaN,NaN
546,35.68355416923212,-117.47560937029006,6.3845863,2000-12-14T00:06:01.051190,1.0,-0.0338962,193.46281,201.47362,NaN,NaN,NaN
547,35.89385836387187,-117.71866788811519,5.2701693,2000-12-14T00:07:00.898474,1.0,0.11819013,171.01854,224.3673,NaN,NaN,NaN
548,35.88359243761184,-117.68808637649228,7.4303236,2000-12-14T00:08:01.073961,1.0,-0.08245212,173.80147,223.28027,NaN,NaN,NaN
550,35.923707663734426,-117.7070978587606,3.8097465,2000-12-14T00:10:00.976894,1.0,0.020505326,171.99931,227.69785,NaN,NaN,NaN
551,36.058367870852756,-117.85793234782247,3.599372,2000-12-14T00:11:01.091968,1.0,-0.08833328,158.12204,242.39082,NaN,NaN,NaN
552,35.87660399534346,-117.69365383701663,7.4716105,2000-12-14T00:12:00.798789,1.0,0.19280706,173.31381,222.49559,NaN,NaN,NaN
553,35.72242929451595,-117.52721263655182,4.407287,2000-12-14T00:13:01.239093,1.0,-0.15277803,188.7019,205.68916,NaN,NaN,NaN
554,35.666694946658694,-117.47571928254487,4.23387,2000-12-14T00:14:01.239970,1.0,-0.20710105,193.49306,199.60332,NaN,NaN,NaN
556,36.04078843485069,-117.8664580181193,2.7511597,2000-12-14T00:16:01.177940,1.0,-0.10360217,157.3884,240.42757,NaN,NaN,NaN
559,35.93323548570597,-117.68615352630881,3.4507551,2000-12-14T00:19:00.556885,1.0,0.38962156,173.86882,228.79028,NaN,NaN,NaN
561,35.740162621380236,-117.56281960883362,4.4709578,2000-12-14T00:21:01.282171,1.0,-0.26780245,185.44016,207.59093,NaN,NaN,NaN
562,35.91652618991126,-117.70820139745844,4.4453883,2000-12-14T00:22:00.882351,1.0,0.12696433,171.91505,226.89937,NaN,NaN,NaN
564,35.62202705967769,-117.45151354177369,5.4748025,2000-12-14T00:24:00.785259,1.0,0.25217968,195.79189,194.69475,NaN,NaN,NaN
565,35.872188975097345,-117.69104731679671,7.264543,2000-12-14T00:25:01.000046,1.0,-0.0130256,173.55867,222.01028,NaN,NaN,NaN
566,35.647740385063464,-117.45105893237218,3.088795,2000-12-14T00:26:01.050060,1.0,-0.01952267,195.7711,197.54784,NaN,NaN,NaN
567,35.68617479017388,-117.51424755310713,7.7695527,2000-12-14T00:27:00.621427,1.0,0.3001488,189.95969,201.69171,NaN,NaN,NaN
568,35.684102381660765,-117.5123513742056,7.2957387,2000-12-14T00:28:00.747743,1.0,0.17203134,190.13615,201.46536,NaN,NaN,NaN
569,35.94572659996904,-117.69572704944534,3.6084616,2000-12-14T00:29:00.819934,1.0,0.17137046,172.97813,230.15958,NaN,NaN,NaN
570,35.925023401227094,-117.71485928253321,3.6851964,2000-12-14T00:30:01.065436,1.0,-0.036654163,171.2961,227.83072,NaN,NaN,NaN
571,35.89105971148814,-117.70271278061274,6.3086987,2000-12-14T00:31:01.462577,1.0,-0.4015004,172.4649,224.08374,NaN,NaN,NaN
572,35.688786910675795,-117.53738938563116,8.837692,2000-12-14T00:32:00.896293,1.0,0.012263794,187.8592,201.93861,NaN,NaN,NaN
573,35.88362311592054,-117.6873798929736,7.4223013,2000-12-14T00:33:01.020497,1.0,-0.019164432,173.86519,223.28488,NaN,NaN,NaN
575,36.037626761143265,-117.86714314521745,2.6033242,2000-12-14T00:35:00.944539,1.0,0.12114222,157.33286,240.07579,NaN,NaN,NaN
576,35.604122486880314,-117.57958536557655,5.386056,2000-12-14T00:36:00.810920,1.0,0.17164038,184.2323,192.4703,NaN,NaN,NaN
577,35.67433419071561,-117.5119808569197,7.7605953,2000-12-14T00:37:01.108392,1.0,-0.19133091,190.19258,200.38252,NaN,NaN,NaN
578,35.90050160940822,-117.68258151711153,4.1696234,2000-12-14T00:38:01.127438,1.0,-0.10822076,174.26193,225.16534,NaN,NaN,NaN
580,35.88903836611287,-117.73227382470795,6.6691236,2000-12-14T00:40:00.952388,1.0,0.038229287,169.80038,223.80988,NaN,NaN,NaN
581,35.640614368313734,-117.44785939888585,4.2879415,2000-12-14T00:41:00.706664,1.0,0.32079065,196.078,196.76353,NaN,NaN,NaN
582,35.908116757420906,-117.6973737859317,5.390541,2000-12-14T00:42:01.303436,1.0,-0.29860842,172.91031,225.98486,NaN,NaN,NaN
583,35.656199538576004,-117.52827179928069,9.874204,2000-12-14T00:43:00.803129,1.0,0.13711114,188.76013,198.3407,NaN,NaN,NaN
585,35.98522871641975,-117.6657335203546,2.9488597,2000-12-14T00:45:00.559329,1.0,0.3443502,175.59782,234.59271,NaN,NaN,NaN
586,35.98439574894769,-117.66615507729972,3.5720375,2000-12-14T00:46:00.874773,1.0,0.09102276,175.56163,234.49959,NaN,NaN,NaN
587,35.917261313903964,-117.7154506891849,5.9199777,2000-12-14T00:47:01.003012,1.0,-0.013765843,171.25923,226.9687,NaN,NaN,NaN
588,35.91571124440109,-117.73192088218316,4.677732,2000-12-14T00:48:01.013880,1.0,0.0012004089,169.77605,226.7692,NaN,NaN,NaN
590,35.62412619421576,-117.4544641192672,4.938158,2000-12-14T00:50:01.173709,1.0,-0.10970663,195.51959,194.92194,NaN,NaN,NaN
591,35.6163925046904,-117.41693693747246,6.497744,2000-12-14T00:51:00.663181,1.0,0.2647822,198.93738,194.1366,NaN,NaN,NaN
592,35.88026383633505,-117.69230670797164,7.538942,2000-12-14T00:52:01.119204,1.0,-0.12448874,173.42758,222.90385,NaN,NaN,NaN
593,35.586386445468584,-117.4186596533722,5.5040517,2000-12-14T00:53:01.154619,1.0,-0.12885055,198.85468,190.80487,NaN,NaN,NaN
596,35.64208789797842,-117.44294696817379,4.0892534,2000-12-14T00:56:00.910352,1.0,0.14276223,196.51927,196.93643,NaN,NaN,NaN
598,35.65656564429529,-117.46505885559205,2.25971,2000-12-14T00:58:00.900843,1.0,0.10985714,194.48235,198.5,NaN,NaN,NaN
600,35.883168153636234,-117.68968494291745,7.782395,2000-12-14T01:00:00.930052,1.0,0.062079255,173.65805,223.23048,NaN,NaN,NaN
601,35.670364792286506,-117.49514575158223,3.267359,2000-12-14T01:01:00.988766,1.0,0.024239818,191.72581,199.97372,NaN,NaN,NaN
602,35.95153297254377,-117.68321732265481,3.8713157,2000-12-14T01:02:01.137502,1.0,-0.12798314,174.09418,230.82497,NaN,NaN,NaN
604,35.74954881573763,-117.57127800508594,4.732756,2000-12-14T01:04:01.202175,1.0,-0.19799697,184.65373,208.61674,NaN,NaN,NaN
605,35.71766987405198,-117.53900964063322,6.8230577,2000-12-14T01:05:01.216213,1.0,-0.15568149,187.64572,205.13947,NaN,NaN,NaN
606,35.57797307815395,-117.34314149723251,4.515414,2000-12-14T01:06:01.304833,1.0,-0.3216708,205.71872,190.02126,NaN,NaN,NaN
607,35.95448950801582,-117.70257196008215,4.644653,2000-12-14T01:07:01.007701,1.0,-0.0020500466,172.34183,231.12001,NaN,NaN,NaN
611,36.04113129168349,-117.87504123213121,3.172086,2000-12-14T01:11:00.859840,1.0,0.19835824,156.61424,240.45236,NaN,NaN,NaN
612,35.659788838000075,-117.48239228522863,6.8526406,2000-12-14T01:12:01.355365,1.0,-0.33391812,192.9054,198.82463,NaN,NaN,NaN
615,35.60412782257228,-117.57622111433395,4.4643264,2000-12-14T01:15:00.910949,1.0,0.021468513,184.53708,192.47697,NaN,NaN,NaN
617,35.95549418883245,-117.69514330178231,4.4498672,2000-12-14T01:17:01.006816,1.0,-0.059578195,173.0098,231.24405,NaN,NaN,NaN
618,35.646692474178785,-117.44929545930617,5.604273,2000-12-14T01:18:01.319478,1.0,-0.27847373,195.9333,197.43498,NaN,NaN,NaN
619,35.89937111405463,-117.72476870753894,6.4012446,2000-12-14T01:19:01.042684,1.0,-0.05438269,170.45612,224.96858,NaN,NaN,NaN
621,35.9122459929758,-117.6927768767262,4.7342,2000-12-14T01:21:01.038808,1.0,-0.031774223,173.31635,226.45071,NaN,NaN,NaN
622,35.94130548658292,-117.69318594165935,3.8084924,2000-12-14T01:22:01.030594,1.0,-0.015250743,173.2169,229.67348,NaN,NaN,NaN
623,35.57330866341651,-117.59812801860646,5.7431927,2000-12-14T01:23:00.891780,1.0,0.069136396,182.62152,189.01897,NaN,NaN,NaN
624,35.58153329595403,-117.34881110019427,4.3356,2000-12-14T01:24:00.789856,1.0,0.2753618,205.19597,190.40475,NaN,NaN,NaN
625,35.91613490318872,-117.71973436854863,6.3013287,2000-12-14T01:25:01.172634,1.0,-0.17820248,170.87502,226.83656,NaN,NaN,NaN
626,36.030220522063615,-117.85557484244907,3.1848714,2000-12-14T01:26:01.049470,1.0,0.16139098,158.39,239.27217,NaN,NaN,NaN
627,35.57116356871296,-117.58998857458775,7.3007383,2000-12-14T01:27:01.292952,1.0,-0.17322195,183.36404,188.79561,NaN,NaN,NaN
628,35.68486930173832,-117.53363622103154,8.905831,2000-12-14T01:28:01.055413,1.0,-0.1437162,188.20796,201.51097,NaN,NaN,NaN
629,35.68403080315195,-117.52207451412674,8.37016,2000-12-14T01:29:01.249355,1.0,-0.31765345,189.25632,201.43935,NaN,NaN,NaN
630,35.89399895176036,-117.71309395391494,7.957397,2000-12-14T01:30:01.075974,1.0,-0.08707527,171.52144,224.39226,NaN,NaN,NaN
632,35.69636426768968,-117.51561544774755,9.4812155,2000-12-14T01:32:01.134156,1.0,-0.23503636,189.81204,202.81943,NaN,NaN,NaN
633,35.69816952443568,-117.50567679564367,7.0703554,2000-12-14T01:33:01.027790,1.0,-0.120783746,190.70717,203.03821,NaN,NaN,NaN
634,35.62330392197209,-117.4364522492906,7.5453076,2000-12-14T01:34:01.009533,1.0,0.0090181455,197.15294,194.86537,NaN,NaN,NaN
635,35.920148319942015,-117.69436735322,5.1037817,2000-12-14T01:35:01.068126,1.0,-0.06382955,173.1558,227.32458,NaN,NaN,NaN
636,35.82059411447229,-117.65221383644014,3.1349583,2000-12-14T01:36:00.837209,1.0,0.39127505,177.17854,216.35388,NaN,NaN,NaN
637,35.88362077730606,-117.68976929432017,7.4985833,2000-12-14T01:37:01.146109,1.0,-0.15745717,173.64946,223.28055,NaN,NaN,NaN
639,35.9216531451926,-117.71462642681202,6.56689,2000-12-14T01:39:00.674317,1.0,0.30438748,171.32428,227.45726,NaN,NaN,NaN
640,35.898470997328324,-117.7215555547516,4.6160154,2000-12-14T01:40:01.298115,1.0,-0.2863451,170.74808,224.87411,NaN,NaN,NaN
641,35.716725002637524,-117.51911476785885,4.8558083,2000-12-14T01:41:01.362943,1.0,-0.2672675,189.4478,205.07143,NaN,NaN,NaN
642,35.752399427500606,-117.55689733528847,4.9928493,2000-12-14T01:42:01.052693,1.0,-0.05873315,185.9477,208.95908,NaN,NaN,NaN
643,35.91516222636425,-117.7322488414548,3.8664842,2000-12-14T01:43:00.847011,1.0,0.19578731,169.7476,226.70775,NaN,NaN,NaN
644,35.59809918394618,-117.42847810127819,5.635621,2000-12-14T01:44:01.014954,1.0,-0.007724191,197.93651,192.085,NaN,NaN,NaN
645,35.92661769364871,-117.6787024082778,3.701317,2000-12-14T01:45:01.173998,1.0,-0.18793523,174.5555,228.06894,NaN,NaN,NaN
646,35.71758714299662,-117.56124105245438,7.159689,2000-12-14T01:46:01.105082,1.0,-0.11847152,185.63464,205.08961,NaN,NaN,NaN
647,35.97237307725207,-117.66528404597926,3.649866,2000-12-14T01:47:00.848632,1.0,0.18115985,175.66644,233.16747,NaN,NaN,NaN
648,35.59399932663466,-117.42355856956385,5.5689926,2000-12-14T01:48:01.102866,1.0,-0.09127484,198.39221,191.63979,NaN,NaN,NaN
649,35.74348845567636,-117.5535611759998,4.533553,2000-12-14T01:49:00.783215,1.0,0.23717053,186.26988,207.97672,NaN,NaN,NaN
650,35.89209887166349,-117.73163215800865,5.615215,2000-12-14T01:50:01.123500,1.0,-0.11979791,169.85187,224.15044,NaN,NaN,NaN
651,35.95962808266815,-117.71414837651422,4.5180583,2000-12-14T01:51:00.948171,1.0,0.11430378,171.28659,231.67049,NaN,NaN,NaN
652,35.669573540448376,-117.47175533891183,4.34143,2000-12-14T01:52:01.222389,1.0,-0.19618891,193.84502,199.93015,NaN,NaN,NaN
653,35.66220208553224,-117.51607119549699,8.637398,2000-12-14T01:53:01.084951,1.0,-0.13689935,189.85071,199.02916,NaN,NaN,NaN
654,35.95544739805782,-117.694773635696,4.486387,2000-12-14T01:54:00.793457,1.0,0.19963853,173.04324,231.23949,NaN,NaN,NaN
655,35.57763791790574,-117.61870038496514,6.00816,2000-12-14T01:55:00.961849,1.0,-0.0003393255,180.74739,189.46259,NaN,NaN,NaN
656,35.89568210499261,-117.69552491212092,4.7846003,2000-12-14T01:56:00.523456,1.0,0.44747156,173.1039,224.60867,NaN,NaN,NaN
657,35.94046322947731,-117.69815551554116,4.1485972,2000-12-14T01:57:01.076827,1.0,-0.06834678,172.77034,229.57161,NaN,NaN,NaN
658,35.88972692944239,-117.68224969201847,7.293334,2000-12-14T01:58:00.640480,1.0,0.34283736,174.31519,223.97072,NaN,NaN,NaN
659,35.67902000863472,-117.4679366075403,5.1954827,2000-12-14T01:59:01.058629,1.0,-0.03971258,194.16809,200.98524,NaN,NaN,NaN
660,35.66667691359035,-117.47278327293677,4.780264,2000-12-14T02:00:00.824915,1.0,0.22246969,193.75888,199.60689,NaN,NaN,NaN
661,35.673790507558046,-117.48023296167062,3.235417,2000-12-14T02:01:00.834986,1.0,0.17769757,193.06758,200.38184,NaN,NaN,NaN
662,35.58640858227558,-117.3598814798647,5.0128913,2000-12-14T02:02:00.960599,1.0,0.008012465,204.18059,190.92334,NaN,NaN,NaN
663,35.88586997935827,-117.68103969283847,4.804444,2000-12-14T02:03:00.974021,1.0,0.070821494,174.43277,223.54495,NaN,NaN,NaN
664,35.90272007633578,-117.6812657982696,3.9379125,2000-12-14T02:04:01.084378,1.0,-0.1111543,174.3759,225.41368,NaN,NaN,NaN
665,35.93211188675737,-117.69283311395515,4.0532656,2000-12-14T02:05:01.077950,1.0,-0.10327309,173.26852,228.65427,NaN,NaN,NaN
667,36.04208249518029,-117.86867529099513,3.9487264,2000-12-14T02:07:01.168841,1.0,-0.07817115,157.18605,240.56769,NaN,NaN,NaN
668,35.90258303872943,-117.67841278305706,4.330648,2000-12-14T02:08:00.928752,1.0,0.09803314,174.63373,225.40337,NaN,NaN,NaN
669,35.87650776649875,-117.70791416520893,4.831354,2000-12-14T02:09:01.531187,1.0,-0.429521,172.02637,222.46075,NaN,NaN,NaN
670,35.64061967419781,-117.44507787328314,3.2233968,2000-12-14T02:10:01.250317,1.0,-0.20592485,196.32986,196.76947,NaN,NaN,NaN
671,35.86803886223891,-117.68094113634312,8.632483,2000-12-14T02:11:00.892998,1.0,0.08680208,174.48024,221.56718,NaN,NaN,NaN
672,35.68859648051478,-117.53012277361931,8.761279,2000-12-14T02:12:00.861936,1.0,0.04726618,188.51729,201.9309,NaN,NaN,NaN
674,36.05898147184999,-117.8529367727838,3.1443272,2000-12-14T02:14:00.777533,1.0,0.22574165,158.5709,242.46666,NaN,NaN,NaN
675,35.6548023460839,-117.51939784945418,8.933345,2000-12-14T02:15:00.740612,1.0,0.20888253,189.56682,198.20216,NaN,NaN,NaN
676,36.05443176625136,-117.85145637942753,3.4123278,2000-12-14T02:16:00.968382,1.0,0.040276073,158.71329,241.96428,NaN,NaN,NaN
677,35.679320988334915,-117.54528486231412,8.048101,2000-12-14T02:17:01.114312,1.0,-0.2026197,187.16649,200.8741,NaN,NaN,NaN
678,35.629155781021154,-117.43215064499448,7.195887,2000-12-14T02:18:01.203275,1.0,-0.16296607,197.52832,195.5228,NaN,NaN,NaN
679,35.91673012627486,-117.70729323280395,6.2472076,2000-12-14T02:19:00.998053,1.0,-0.005619236,171.99658,226.92352,NaN,NaN,NaN
681,35.600711812389186,-117.43186049249343,4.986999,2000-12-14T02:21:00.831061,1.0,0.19426021,197.62372,192.36826,NaN,NaN,NaN
682,35.7670441598091,-117.56242022373463,6.716679,2000-12-14T02:22:01.234567,1.0,-0.30017805,185.4147,210.57349,NaN,NaN,NaN
683,35.90037716370467,-117.7099555523562,6.789875,2000-12-14T02:23:00.634364,1.0,0.32155216,171.79117,225.10506,NaN,NaN,NaN
685,35.623436102902886,-117.45303375979056,5.4271164,2000-12-14T02:25:00.832062,1.0,0.21292341,195.6508,194.84813,NaN,NaN,NaN
686,35.63087265166033,-117.43300833938575,4.423468,2000-12-14T02:26:01.076712,1.0,0.010651249,197.44647,195.71158,NaN,NaN,NaN
687,35.71101106196104,-117.56065989300014,5.4829965,2000-12-14T02:27:01.212055,1.0,-0.22028185,185.70229,204.36122,NaN,NaN,NaN
688,35.587788518560785,-117.42710832613363,5.0131907,2000-12-14T02:28:01.320776,1.0,-0.25754154,198.08571,190.94397,NaN,NaN,NaN
689,35.574260266876486,-117.62102737879437,6.6634955,2000-12-14T02:29:01.068664,1.0,-0.1423956,180.54399,189.0838,NaN,NaN,NaN
691,35.897410238482706,-117.68055552278781,7.9487934,2000-12-14T02:31:00.718488,1.0,0.27574244,174.4515,224.8259,NaN,NaN,NaN
692,35.7081202522431,-117.51346451424992,6.6455855,2000-12-14T02:32:00.683955,1.0,0.21285702,189.97914,204.12746,NaN,NaN,NaN
693,35.690823990274744,-117.50755002326487,8.019304,2000-12-14T02:33:00.979810,1.0,-0.054737557,190.55492,202.21991,NaN,NaN,NaN
694,36.06222383200987,-117.84722677427705,2.9785147,2000-12-14T02:34:00.648271,1.0,0.29544103,159.07892,242.83524,NaN,NaN,NaN
697,36.055824476089875,-117.84395259609404,3.159421,2000-12-14T02:37:01.030070,1.0,-0.02219718,159.38661,242.1305,NaN,NaN,NaN
698,35.68161397033416,-117.51720777265209,8.272493,2000-12-14T02:38:01.016046,1.0,-0.08667515,189.70244,201.1803,NaN,NaN,NaN
701,35.66632535268466,-117.4820073331452,1.4492261,2000-12-14T02:41:01.258671,1.0,-0.19765158,192.92471,199.55042,NaN,NaN,NaN
702,35.74035981433291,-117.56312605310922,4.4612584,2000-12-14T02:42:01.158568,1.0,-0.16226384,185.41199,207.61224,NaN,NaN,NaN
703,35.59102512339826,-117.42228782188526,4.926204,2000-12-14T02:43:01.250832,1.0,-0.2251793,198.5146,191.31235,NaN,NaN,NaN
704,35.749727389703594,-117.57299098069221,4.680983,2000-12-14T02:44:01.219876,1.0,-0.21208167,184.49841,208.63345,NaN,NaN,NaN
705,35.894520484036576,-117.67860901409104,7.931973,2000-12-14T02:45:00.952651,1.0,0.05655975,174.63348,224.50868,NaN,NaN,NaN
710,35.668979674045936,-117.47148933363592,4.43623,2000-12-14T02:50:01.131421,1.0,-0.10275837,193.87051,199.86478,NaN,NaN,NaN
711,35.67352969024847,-117.47825789143121,5.730115,2000-12-14T02:51:00.923023,1.0,0.12131952,193.24698,200.35664,NaN,NaN,NaN
713,35.90421780155523,-117.7080574348046,6.461561,2000-12-14T02:53:00.420649,1.0,0.49013853,171.95432,225.53429,NaN,NaN,NaN
714,35.57755358363875,-117.34729944584724,3.656316,2000-12-14T02:54:00.946232,1.0,-0.0064722965,205.34299,189.96635,NaN,NaN,NaN
716,35.653533679709405,-117.50444615312077,5.1612196,2000-12-14T02:56:01.351822,1.0,-0.09063391,190.92351,198.08931,NaN,NaN,NaN
717,35.651588172101214,-117.51955739083706,9.463323,2000-12-14T02:57:00.860697,1.0,0.087507926,189.55988,197.84534,NaN,NaN,NaN
718,35.88187970017613,-117.68216365548618,7.2066417,2000-12-14T02:58:01.507446,1.0,-0.46936446,174.33992,223.1004,NaN,NaN,NaN
720,35.5995524992823,-117.42892547787257,5.9227085,2000-12-14T03:00:00.664420,1.0,0.31860012,197.89244,192.24535,NaN,NaN,NaN
721,35.92548157646467,-117.71492085240904,4.136037,2000-12-14T03:01:00.986767,1.0,0.025479816,171.28957,227.88144,NaN,NaN,NaN
722,36.05468101418386,-117.84915768298578,4.309884,2000-12-14T03:02:01.071938,1.0,0.0014276381,158.9199,241.99551,NaN,NaN,NaN
723,35.888363425202485,-117.69117067218139,4.0914288,2000-12-14T03:03:00.998285,1.0,0.003361635,173.51273,223.80424,NaN,NaN,NaN
724,35.69294879501045,-117.52434447237144,7.7671857,2000-12-14T03:04:01.093498,1.0,-0.16680467,189.03009,202.42436,NaN,NaN,NaN
725,35.92030647720113,-117.72594051405925,4.6393895,2000-12-14T03:05:01.002843,1.0,0.011744207,170.30608,227.28891,NaN,NaN,NaN
726,35.611396696830546,-117.46079792507078,5.340995,2000-12-14T03:06:01.393872,1.0,-0.31420723,194.97646,193.49782,NaN,NaN,NaN
727,35.62776422307173,-117.42734700216513,3.2313304,2000-12-14T03:07:01.018391,1.0,0.05715983,197.96675,195.37775,NaN,NaN,NaN
728,35.82349643368471,-117.65252826322595,4.0290885,2000-12-14T03:08:01.706003,1.0,-0.36916795,177.14377,216.67528,NaN,NaN,NaN
729,35.66334159645158,-117.48006740780231,1.7103541,2000-12-14T03:09:01.210253,1.0,-0.19424887,193.10742,199.22311,NaN,NaN,NaN
730,35.924446873746916,-117.71750959860859,4.212036,2000-12-14T03:10:00.934457,1.0,0.07924161,171.05815,227.76231,NaN,NaN,NaN
731,35.90313985429651,-117.67330783335841,4.113872,2000-12-14T03:11:01.006983,1.0,-0.019126726,175.09332,225.47389,NaN,NaN,NaN
732,35.910514301993494,-117.67387296851228,3.3522,2000-12-14T03:12:01.201211,1.0,-0.20944478,175.02629,226.29094,NaN,NaN,NaN
733,35.67256053014723,-117.47871459130694,2.6771095,2000-12-14T03:13:00.947485,1.0,0.06676289,193.20795,200.24828,NaN,NaN,NaN
734,35.671803261578425,-117.48375756363158,0.69509363,2000-12-14T03:14:00.841094,1.0,0.213382,192.75327,200.15474,NaN,NaN,NaN
735,35.984410710290625,-117.67817484729393,2.970039,2000-12-14T03:15:01.147233,1.0,-0.104037866,174.47772,234.48059,NaN,NaN,NaN
737,35.871731280008966,-117.6844971920322,8.305165,2000-12-14T03:17:01.143193,1.0,-0.15895629,174.15114,221.97069,NaN,NaN,NaN
738,35.88507436288052,-117.68425278273779,3.2285485,2000-12-14T03:18:01.157875,1.0,-0.058776025,174.1444,223.4512,NaN,NaN,NaN
739,35.93566403390949,-117.7022216168906,3.7857826,2000-12-14T03:19:00.738314,1.0,0.23409349,172.41376,229.03236,NaN,NaN,NaN
740,35.8844283200486,-117.7343115225662,7.324502,2000-12-14T03:20:00.757663,1.0,0.24093911,169.62611,223.2951,NaN,NaN,NaN
742,35.91924547810484,-117.73135107058613,6.204727,2000-12-14T03:22:00.826399,1.0,0.17089733,169.82002,227.16219,NaN,NaN,NaN
744,35.67290721601061,-117.47202998652402,2.663091,2000-12-14T03:24:00.798513,1.0,0.20920941,193.8122,200.29941,NaN,NaN,NaN
745,35.63661814768917,-117.43808458886464,4.0463085,2000-12-14T03:25:00.763778,1.0,0.28200623,196.97282,196.33908,NaN,NaN,NaN
746,35.91625775911313,-117.69205196486737,4.522311,2000-12-14T03:26:00.949855,1.0,0.0526865,173.37314,226.89696,NaN,NaN,NaN
747,35.627890273405605,-117.43418128268121,4.774578,2000-12-14T03:27:00.875993,1.0,0.20904677,197.34749,195.3785,NaN,NaN,NaN
748,35.868085513875485,-117.69770006107616,4.636776,2000-12-14T03:28:00.792387,1.0,0.26366207,172.96672,221.5438,NaN,NaN,NaN
750,35.88246578760343,-117.68790422033348,7.6031575,2000-12-14T03:30:01.044708,1.0,-0.048893068,173.82034,223.15561,NaN,NaN,NaN
751,35.62888993497717,-117.42743618206097,4.1057777,2000-12-14T03:31:01.076015,1.0,0.0026532223,197.95593,195.50244,NaN,NaN,NaN
752,35.62788941191977,-117.43134777862868,3.4449728,2000-12-14T03:32:00.953997,1.0,0.14370896,197.60411,195.38388,NaN,NaN,NaN
754,35.94066654321302,-117.69556634074772,4.468475,2000-12-14T03:34:00.895535,1.0,0.100272276,173.00351,229.59856,NaN,NaN,NaN
755,35.619086651924434,-117.43739754596395,7.3153586,2000-12-14T03:35:00.999280,1.0,0.026448306,197.07755,194.39575,NaN,NaN,NaN
756,35.91879287941269,-117.72124191166361,3.7760518,2000-12-14T03:36:00.974064,1.0,0.058127403,170.73332,227.12888,NaN,NaN,NaN
757,35.881889141252955,-117.71523996570781,4.303156,2000-12-14T03:37:00.771988,1.0,0.28007174,171.35344,223.04535,NaN,NaN,NaN
761,35.880761575488066,-117.70771345952832,4.925753,2000-12-14T03:41:01.169142,1.0,-0.12791632,172.03542,222.93295,NaN,NaN,NaN
762,35.9301746980505,-117.69430769462659,4.325998,2000-12-14T03:42:00.927615,1.0,0.06516447,173.13963,228.43687,NaN,NaN,NaN
763,35.72768747024866,-117.5297514235719,7.221716,2000-12-14T03:43:01.053274,1.0,-0.12995523,188.46,206.26773,NaN,NaN,NaN
764,35.891981905648514,-117.69876834321572,6.967902,2000-12-14T03:44:00.823932,1.0,0.162893,172.81903,224.19272,NaN,NaN,NaN
765,35.909564201367125,-117.70014907417446,4.477368,2000-12-14T03:45:00.807207,1.0,0.19245367,172.65671,226.14072,NaN,NaN,NaN
766,35.944759780804496,-117.70166285034111,4.129387,2000-12-14T03:46:00.999407,1.0,0.0060474603,172.44469,230.04227,NaN,NaN,NaN
767,35.96891670603232,-117.66280364123043,2.8701873,2000-12-14T03:47:01.078630,1.0,-0.10991158,175.8977,232.78835,NaN,NaN,NaN
768,35.66110454199931,-117.52634359767848,7.883315,2000-12-14T03:48:00.735830,1.0,0.18416199,188.9233,198.88835,NaN,NaN,NaN
770,36.04578292856042,-117.8738343805471,3.6596038,2000-12-14T03:50:01.153490,1.0,-0.18188141,156.71391,240.97021,NaN,NaN,NaN
771,35.62265086314734,-117.44981764506113,5.3519945,2000-12-14T03:51:01.008180,1.0,0.052614674,195.94398,194.7672,NaN,NaN,NaN
772,35.88436367923651,-117.68757346074757,7.3742633,2000-12-14T03:52:00.824319,1.0,0.17317848,173.84612,223.3667,NaN,NaN,NaN
774,35.92504495808038,-117.69037518556414,4.0808525,2000-12-14T03:54:00.902592,1.0,0.096225016,173.50554,227.87454,NaN,NaN,NaN
775,35.62610201419851,-117.42583395190226,6.211056,2000-12-14T03:55:00.911203,1.0,0.13368164,198.10783,195.1963,NaN,NaN,NaN
778,35.636710312704665,-117.4436104271206,7.3806224,2000-12-14T03:58:00.753217,1.0,0.10452489,196.4722,196.33865,NaN,NaN,NaN
779,35.97546101480479,-117.6666573873471,3.5978363,2000-12-14T03:59:00.901293,1.0,0.10353573,175.53584,233.50763,NaN,NaN,NaN
780,35.915326769201855,-117.6883881442639,4.273116,2000-12-14T04:00:01.120954,1.0,-0.14479974,173.70581,226.79993,NaN,NaN,NaN
781,35.94970649349132,-117.69838396098149,4.5660925,2000-12-14T04:01:01.144486,1.0,-0.14156768,172.72989,230.59654,NaN,NaN,NaN
782,35.90304941497562,-117.70166857372251,8.790207,2000-12-14T04:02:00.853400,1.0,0.17582986,172.53351,225.41548,NaN,NaN,NaN
783,35.93586187697205,-117.69862095043347,4.63018,2000-12-14T04:03:01.462694,1.0,-0.39598182,172.73822,229.06041,NaN,NaN,NaN
784,35.90622068024303,-117.69119009379916,4.7408404,2000-12-14T04:04:01.031062,1.0,-0.020575795,173.47253,225.78505,NaN,NaN,NaN
785,35.59815621189441,-117.58998356314085,4.128194,2000-12-14T04:05:00.772203,1.0,0.14455058,183.3037,191.78978,NaN,NaN,NaN
787,35.8942795041379,-117.6747412606562,4.0749946,2000-12-14T04:07:00.908118,1.0,0.092457145,174.98317,224.48859,NaN,NaN,NaN
788,35.603731568271066,-117.57622446870701,4.282802,2000-12-14T04:08:01.152281,1.0,-0.19615488,184.53767,192.43301,NaN,NaN,NaN
789,35.941827743711386,-117.69672152670059,4.0843167,2000-12-14T04:09:00.893778,1.0,0.1558854,172.89679,229.7254,NaN,NaN,NaN
790,35.866859130475426,-117.6977594223389,5.4759235,2000-12-14T04:10:01.096312,1.0,-0.06167364,172.96399,221.40765,NaN,NaN,NaN
791,35.90027997578546,-117.69660282954271,6.514984,2000-12-14T04:11:01.233887,1.0,-0.26754478,172.99672,225.11687,NaN,NaN,NaN
794,36.06411627158137,-117.85350190003085,3.7542439,2000-12-14T04:14:01.063258,1.0,-0.014632345,158.50984,243.03537,NaN,NaN,NaN
795,36.049960241545136,-117.85611263479792,3.6722927,2000-12-14T04:15:00.852846,1.0,0.13639387,158.30258,241.46101,NaN,NaN,NaN
796,36.056790405827805,-117.85723727369174,3.711081,2000-12-14T04:16:01.337817,1.0,-0.34710395,158.18777,242.21692,NaN,NaN,NaN
798,35.77264312114743,-117.5637222043173,6.8646855,2000-12-14T04:18:00.895461,1.0,0.039848454,185.28416,211.19218,NaN,NaN,NaN
800,36.06702340284507,-117.85205325267795,3.025986,2000-12-14T04:20:01.090266,1.0,-0.08295608,158.6346,243.3601,NaN,NaN,NaN
801,35.93095721167857,-117.69774597085338,4.195739,2000-12-14T04:21:01.032388,1.0,-0.019131321,172.8277,228.51784,NaN,NaN,NaN
802,35.92272424538836,-117.68871134842895,5.323654,2000-12-14T04:22:00.904869,1.0,0.09553367,173.66069,227.61995,NaN,NaN,NaN
804,35.89091404291607,-117.73194037448349,6.3832645,2000-12-14T04:24:01.057889,1.0,-0.060939718,169.82654,224.0185,NaN,NaN,NaN
805,35.87459852046503,-117.70298865965533,4.7059755,2000-12-14T04:25:00.918827,1.0,0.13576734,172.4752,222.2573,NaN,NaN,NaN
806,35.70059839619483,-117.50849318005193,5.375636,2000-12-14T04:26:01.264060,1.0,-0.35574815,190.44661,203.30237,NaN,NaN,NaN
807,36.0465912439506,-117.84834120949024,2.5839036,2000-12-14T04:27:00.739575,1.0,0.2345686,159.0095,241.09941,NaN,NaN,NaN
808,35.96497060901492,-117.66139334608613,4.0113187,2000-12-14T04:28:00.965426,1.0,0.14056279,176.03354,232.35306,NaN,NaN,NaN
809,35.628172283793184,-117.42951467678877,4.3620996,2000-12-14T04:29:01.169287,1.0,-0.086331636,197.76944,195.41881,NaN,NaN,NaN
810,35.69534802648698,-117.52788349774393,8.849254,2000-12-14T04:30:01.019257,1.0,-0.10921056,188.70424,202.68394,NaN,NaN,NaN
811,35.90556953522708,-117.73184729592055,4.46809,2000-12-14T04:31:00.963488,1.0,0.06821876,169.80406,225.64433,NaN,NaN,NaN
812,35.92067072647535,-117.73015316794267,3.8369179,2000-12-14T04:32:00.789412,1.0,0.199538,169.92513,227.32228,NaN,NaN,NaN
814,35.59742002771739,-117.39018635245318,7.012471,2000-12-14T04:34:00.725681,1.0,0.23599471,201.40738,192.08456,NaN,NaN,NaN
815,35.93790548048594,-117.69892968930866,4.858202,2000-12-14T04:35:01.316533,1.0,-0.2591808,172.70598,229.28658,NaN,NaN,NaN
817,35.902890427098264,-117.72439735605008,4.741582,2000-12-14T04:37:00.617901,1.0,0.3611133,170.4822,225.35959,NaN,NaN,NaN
819,35.68796768272146,-117.52789348618603,7.646558,2000-12-14T04:39:00.370371,1.0,0.5271842,188.7205,201.86526,NaN,NaN,NaN
821,35.643848488667494,-117.45385183176711,6.045464,2000-12-14T04:41:00.671532,1.0,0.27226856,195.52759,197.11078,NaN,NaN,NaN
822,35.698425797997935,-117.50549712744902,7.907695,2000-12-14T04:42:01.086697,1.0,-0.17932692,190.72282,203.06697,NaN,NaN,NaN
824,35.91958248942408,-117.69078490466876,4.5410924,2000-12-14T04:44:00.962656,1.0,0.03100488,173.48033,227.26791,NaN,NaN,NaN
825,35.57747471349767,-117.34305958558812,4.0935593,2000-12-14T04:45:01.183518,1.0,-0.22296423,205.7274,189.96614,NaN,NaN,NaN
826,35.9648538975889,-117.661398208275,3.8129997,2000-12-14T04:46:01.103731,1.0,-0.061188683,176.03336,232.3401,NaN,NaN,NaN
827,35.6032336170115,-117.39529386599345,7.2345734,2000-12-14T04:47:01.207309,1.0,-0.21740782,200.93028,192.71936,NaN,NaN,NaN
828,35.91090891365675,-117.69563050415461,4.5179954,2000-12-14T04:48:01.195204,1.0,-0.18124464,173.06166,226.29755,NaN,NaN,NaN
830,35.69194732235513,-117.52542980562909,8.957066,2000-12-14T04:50:01.080410,1.0,-0.16711357,188.9342,202.31126,NaN,NaN,NaN
831,35.66181465742877,-117.46952933246162,4.798322,2000-12-14T04:51:01.023441,1.0,0.0058070943,194.06506,199.07373,NaN,NaN,NaN
832,35.67292272485543,-117.48123837681841,3.8905668,2000-12-14T04:52:00.888996,1.0,0.12366523,192.97864,200.28368,NaN,NaN,NaN
833,35.93259305546395,-117.70385431813006,4.318144,2000-12-14T04:53:01.129248,1.0,-0.13383605,172.27301,228.68895,NaN,NaN,NaN
834,35.619637273333645,-117.44513081697237,5.904028,2000-12-14T04:54:00.952551,1.0,0.09961188,196.37576,194.44193,NaN,NaN,NaN
836,35.6819617387882,-117.48365452903059,6.4314647,2000-12-14T04:56:01.252606,1.0,-0.20458521,192.73846,201.28175,NaN,NaN,NaN
838,35.71729124515935,-117.52133711343276,4.3799005,2000-12-14T04:58:00.877977,1.0,0.22105215,189.24542,205.13011,NaN,NaN,NaN
839,35.67650375128446,-117.48385692705175,2.9232013,2000-12-14T04:59:01.176187,1.0,-0.1352,192.73311,200.67595,NaN,NaN,NaN
841,35.88142901060372,-117.7128094809325,4.6011314,2000-12-14T05:01:01.047466,1.0,-0.0052588363,171.57387,222.9984,NaN,NaN,NaN
842,36.0539439534785,-117.8527949846307,3.1685781,2000-12-14T05:02:01.109042,1.0,-0.10894769,158.59364,241.90808,NaN,NaN,NaN
843,35.98795861407289,-117.66888970259215,2.6448722,2000-12-14T05:03:00.952936,1.0,0.06640235,175.30727,234.89009,NaN,NaN,NaN
844,35.906783489654195,-117.69097888120189,5.0876617,2000-12-14T05:04:01.105070,1.0,-0.10232208,173.49039,225.84784,NaN,NaN,NaN
845,35.6642333273745,-117.48010330950305,5.4730177,2000-12-14T05:05:00.921420,1.0,0.14433315,193.10205,199.32196,NaN,NaN,NaN
846,35.68070507948564,-117.4874197226209,1.2550272,2000-12-14T05:06:01.231408,1.0,-0.1986079,192.40067,201.13525,NaN,NaN,NaN
849,35.57544634128011,-117.34310453225174,3.8152564,2000-12-14T05:09:00.832220,1.0,0.08098175,205.72845,189.74106,NaN,NaN,NaN
850,35.9084783106123,-117.69100370542134,4.416603,2000-12-14T05:10:00.864783,1.0,0.1516978,173.4845,226.0358,NaN,NaN,NaN
852,35.60068817273344,-117.3932173345142,7.0395994,2000-12-14T05:12:00.828595,1.0,0.16005495,201.1247,192.4411,NaN,NaN,NaN
854,36.065224850309264,-117.85886101984454,3.146988,2000-12-14T05:14:00.968988,1.0,0.013076354,158.02486,243.15001,NaN,NaN,NaN
855,35.901435457150505,-117.67480581214902,4.123313,2000-12-14T05:15:01.114933,1.0,-0.10701103,174.9618,225.28226,NaN,NaN,NaN
856,35.75122459752415,-117.5719374965964,6.2598534,2000-12-14T05:16:01.070307,1.0,-0.10207423,184.59027,208.80144,NaN,NaN,NaN
858,35.92787923407063,-117.7067899534373,4.433764,2000-12-14T05:18:00.890539,1.0,0.10909941,172.01819,228.1611,NaN,NaN,NaN
859,36.06093371685098,-117.85545915767382,3.2057478,2000-12-14T05:19:01.130785,1.0,-0.11778733,158.3398,242.67929,NaN,NaN,NaN
860,35.66610428575595,-117.51910993118881,9.0707655,2000-12-14T05:20:00.833674,1.0,0.08244141,189.5665,199.45636,NaN,NaN,NaN
861,35.682360389653915,-117.51858812842946,7.7916183,2000-12-14T05:21:01.454881,1.0,-0.46748573,189.57576,201.26053,NaN,NaN,NaN
862,35.91862644183197,-117.69748042877777,3.7552128,2000-12-14T05:22:01.005825,1.0,-0.017846974,172.87813,227.15048,NaN,NaN,NaN
865,35.66637858766873,-117.48193463514836,5.510995,2000-12-14T05:25:01.225638,1.0,-0.19857107,192.93117,199.55646,NaN,NaN,NaN
866,35.896299383879416,-117.71160232277897,8.540563,2000-12-14T05:26:00.750865,1.0,0.23903818,171.6512,224.64995,NaN,NaN,NaN
867,35.971641471979744,-117.67438645728275,3.5361552,2000-12-14T05:27:01.214890,1.0,-0.17019342,174.8471,233.07065,NaN,NaN,NaN
868,35.68507415640725,-117.48653054795862,5.869117,2000-12-14T05:28:00.760404,1.0,0.27649757,192.47078,201.62157,NaN,NaN,NaN
869,35.57181663666701,-117.34541695294875,3.951061,2000-12-14T05:29:00.539395,1.0,0.33428535,205.52806,189.33379,NaN,NaN,NaN
870,35.91275435688593,-117.69837019313964,4.9919133,2000-12-14T05:30:00.738976,1.0,0.26482016,172.81042,226.4976,NaN,NaN,NaN
871,35.67162689955626,-117.47831940386764,4.9536505,2000-12-14T05:31:01.461350,1.0,-0.4223907,193.24594,200.14546,NaN,NaN,NaN
872,36.05123041058983,-117.85399253982501,3.0162606,2000-12-14T05:32:01.099891,1.0,-0.08883011,158.4911,241.60521,NaN,NaN,NaN
873,35.66170592433265,-117.50699591787125,5.3380494,2000-12-14T05:33:01.213504,1.0,0.036401276,190.67346,198.99104,NaN,NaN,NaN
874,35.90333662683166,-117.67999215189553,3.7073905,2000-12-14T05:34:01.057176,1.0,-0.06935904,174.48953,225.48425,NaN,NaN,NaN
875,35.907084378409564,-117.7018563576008,4.72292,2000-12-14T05:35:00.834811,1.0,0.17523688,172.50792,225.86275,NaN,NaN,NaN
876,35.91235428738005,-117.68002110032629,2.8491023,2000-12-14T05:36:00.989331,1.0,0.02714771,174.46739,226.4845,NaN,NaN,NaN
877,35.63522443478068,-117.44158551278733,7.699488,2000-12-14T05:37:01.068932,1.0,-0.23882137,196.65916,196.17773,NaN,NaN,NaN
878,35.66659219180973,-117.48263529133818,0.75835633,2000-12-14T05:38:01.337353,1.0,-0.2825519,192.86723,199.57883,NaN,NaN,NaN
880,35.575362302406,-117.62436447543017,6.2795854,2000-12-14T05:40:00.777503,1.0,0.15597366,180.2391,189.20015,NaN,NaN,NaN
881,35.90145248502377,-117.70653959288944,7.3013515,2000-12-14T05:41:01.014099,1.0,-0.02142939,172.09723,225.2301,NaN,NaN,NaN
882,35.70720800820361,-117.54043552848255,8.607179,2000-12-14T05:42:00.908728,1.0,-0.17032228,187.54092,203.97636,NaN,NaN,NaN
883,35.90379307216311,-117.68178575081964,5.036494,2000-12-14T05:43:01.262084,1.0,-0.24079335,174.32664,225.53181,NaN,NaN,NaN
884,35.621179535400124,-117.43578724913924,7.0540447,2000-12-14T05:44:01.191493,1.0,-0.15080652,197.21832,194.63101,NaN,NaN,NaN
885,35.87055558723771,-117.7043614958471,5.4058647,2000-12-14T05:45:00.999783,1.0,0.03460527,172.35988,221.8065,NaN,NaN,NaN
886,35.74376030023411,-117.53652147574894,6.4182243,2000-12-14T05:46:00.709340,1.0,0.3134292,187.81033,208.03812,NaN,NaN,NaN
887,35.9366528056359,-117.7028712135769,4.297903,2000-12-14T05:47:01.532211,1.0,-0.49411926,172.35303,229.14095,NaN,NaN,NaN
888,35.93498993215974,-117.70359708265985,4.1809716,2000-12-14T05:48:01.021497,1.0,-0.038605433,172.29109,228.95526,NaN,NaN,NaN
890,36.04312042415619,-117.87227128046781,3.5265713,2000-12-14T05:50:01.145823,1.0,-0.09724553,156.85997,240.67728,NaN,NaN,NaN
891,35.70745919432203,-117.50685751038985,6.794173,2000-12-14T05:51:00.789518,1.0,0.11636252,190.57849,204.06645,NaN,NaN,NaN
893,35.757713891158964,-117.57374649717497,7.603222,2000-12-14T05:53:00.755808,1.0,0.18791702,184.4119,209.51799,NaN,NaN,NaN
894,35.93477943317717,-117.71365402691609,6.2818947,2000-12-14T05:54:01.163067,1.0,-0.2943901,171.3841,228.91495,NaN,NaN,NaN
898,35.7231348937769,-117.53103030105255,5.6648874,2000-12-14T05:58:01.025927,1.0,0.031875744,188.3549,205.76038,NaN,NaN,NaN
901,35.92687283160531,-117.71700913693867,4.420547,2000-12-14T06:01:01.133537,1.0,-0.14374568,171.09816,228.03226,NaN,NaN,NaN
902,35.90776474773231,-117.72452282038292,5.206698,2000-12-14T06:02:01.426999,1.0,-0.39742076,170.46056,225.90007,NaN,NaN,NaN
903,35.91879622255016,-117.69192430092228,4.4622235,2000-12-14T06:03:01.116448,1.0,-0.11305083,173.3792,227.17876,NaN,NaN,NaN
904,35.59387038896693,-117.58246652135438,4.415546,2000-12-14T06:04:00.676582,1.0,0.27535832,183.99446,191.3279,NaN,NaN,NaN
905,35.907056731402335,-117.69906464157823,5.012385,2000-12-14T06:05:01.194957,1.0,-0.1960407,172.75996,225.86441,NaN,NaN,NaN
906,35.87825357986936,-117.69751520630837,7.4482956,2000-12-14T06:06:00.761409,1.0,0.22936875,172.96161,222.67201,NaN,NaN,NaN
907,35.60411148139049,-117.3937484579388,7.2387505,2000-12-14T06:07:00.892149,1.0,0.10414829,201.06812,192.81978,NaN,NaN,NaN
908,35.91189328764246,-117.7229197266401,7.277417,2000-12-14T06:08:01.133999,1.0,-0.12815735,170.59651,226.36072,NaN,NaN,NaN
909,35.67367151957275,-117.48093482885703,5.79497,2000-12-14T06:09:01.459375,1.0,-0.4057351,193.00433,200.36731,NaN,NaN,NaN
910,35.62473020864218,-117.44383857368864,6.8917313,2000-12-14T06:10:00.643736,1.0,0.22764598,196.4805,195.00934,NaN,NaN,NaN
911,36.06419325264811,-117.83847247844689,4.1305027,2000-12-14T06:11:01.289259,1.0,-0.18165411,159.86368,243.06741,NaN,NaN,NaN
912,35.610899358426444,-117.40943946259004,5.9137573,2000-12-14T06:12:00.807318,1.0,0.13601492,199.62997,193.54192,NaN,NaN,NaN
913,36.04995012666734,-117.8589160021219,3.2263076,2000-12-14T06:13:01.070009,1.0,-0.059320074,158.05,241.45554,NaN,NaN,NaN
914,35.88977630180549,-117.68005587883631,4.6152782,2000-12-14T06:14:01.231257,1.0,-0.20196404,174.51314,223.97995,NaN,NaN,NaN
915,35.879980749201636,-117.68640744847826,7.8625655,2000-12-14T06:15:01.218550,1.0,-0.21068689,173.96085,222.8825,NaN,NaN,NaN
916,35.6839167351089,-117.47847370070326,5.973065,2000-12-14T06:16:01.115126,1.0,-0.075865746,193.20271,201.5084,NaN,NaN,NaN
917,35.89801173497539,-117.6973727822258,5.7819576,2000-12-14T06:17:00.739077,1.0,0.26546827,172.93208,224.86395,NaN,NaN,NaN
919,35.927665233598226,-117.69402085082916,4.600645,2000-12-14T06:19:01.025709,1.0,-0.03079425,173.17091,228.159,NaN,NaN,NaN
920,35.75129086142102,-117.56536105048069,4.3998837,2000-12-14T06:20:01.081466,1.0,-0.08933588,185.18484,208.82071,NaN,NaN,NaN
921,36.02795205191668,-117.85992313316827,2.7662637,2000-12-14T06:21:01.052752,1.0,0.1690323,158.00256,239.01378,NaN,NaN,NaN
922,35.57841770420706,-117.61864642812291,5.9350896,2000-12-14T06:22:00.836075,1.0,0.1308938,180.75055,189.54918,NaN,NaN,NaN
923,36.057832667355626,-117.85332356978384,2.969986,2000-12-14T06:23:00.881840,1.0,0.12801684,158.53833,242.33862,NaN,NaN,NaN
924,35.900356655438124,-117.73094108196169,6.6069374,2000-12-14T06:24:00.804035,1.0,0.18250526,169.89685,225.0676,NaN,NaN,NaN
925,35.92230478252286,-117.72860828612234,4.2552276,2000-12-14T06:25:00.659745,1.0,0.3586535,170.0611,227.50612,NaN,NaN,NaN
926,35.8907537916712,-117.66628558151015,8.084248,2000-12-14T06:26:00.587365,1.0,0.38485977,175.7542,224.11205,NaN,NaN,NaN
927,35.92395259440828,-117.6931088419071,4.940487,2000-12-14T06:27:00.905262,1.0,0.11964577,173.2612,227.74872,NaN,NaN,NaN
929,35.895644737586636,-117.7135502369435,8.143589,2000-12-14T06:29:01.013699,1.0,-0.023177274,171.47675,224.57405,NaN,NaN,NaN
930,35.7487295273882,-117.57419720078894,5.958808,2000-12-14T06:30:00.914569,1.0,0.055119,184.3916,208.52058,NaN,NaN,NaN
931,36.03871824043014,-117.86618356997353,2.93025,2000-12-14T06:31:01.022755,1.0,0.026955912,157.41719,240.19835,NaN,NaN,NaN
933,35.91204259045378,-117.73070377716101,4.238579,2000-12-14T06:33:00.937295,1.0,0.10228203,169.89363,226.36427,NaN,NaN,NaN
934,35.95603652318074,-117.70674560915842,4.2700205,2000-12-14T06:34:00.954987,1.0,0.04827194,171.96202,231.28456,NaN,NaN,NaN
935,35.63999770039164,-117.44616145251544,1.7321625,2000-12-14T06:35:01.239830,1.0,-0.21476983,196.23325,196.6984,NaN,NaN,NaN
937,36.048741557899405,-117.84715203895615,3.3457546,2000-12-14T06:37:01.084965,1.0,-0.044241242,159.1124,241.3398,NaN,NaN,NaN
938,35.97032374215655,-117.66385213249094,3.972687,2000-12-14T06:38:01.220607,1.0,-0.18819097,175.80006,232.94261,NaN,NaN,NaN
941,35.88130921330139,-117.71574015210308,4.52942,2000-12-14T06:41:00.814094,1.0,0.21559593,171.30951,222.98018,NaN,NaN,NaN
942,35.88993514548477,-117.67357793228065,7.747087,2000-12-14T06:42:00.908438,1.0,0.08742409,175.09763,224.00868,NaN,NaN,NaN
943,35.88243351035802,-117.69826783771248,5.825049,2000-12-14T06:43:01.116572,1.0,-0.10113915,172.88469,223.1344,NaN,NaN,NaN
944,35.7492201854229,-117.55250207022378,5.586692,2000-12-14T06:44:01.023378,1.0,-0.02492782,186.35248,208.61444,NaN,NaN,NaN
945,35.72387929351147,-117.54085002781008,4.7392073,2000-12-14T06:45:01.070006,1.0,-0.017773116,187.46486,205.82486,NaN,NaN,NaN
947,35.67764981863091,-117.47041896995938,5.3268185,2000-12-14T06:47:00.809548,1.0,0.207955,193.94669,200.82854,NaN,NaN,NaN
948,36.056739674164376,-117.85804452840168,3.6488745,2000-12-14T06:48:01.170789,1.0,-0.15489906,158.11514,242.21004,NaN,NaN,NaN
950,35.8812089429695,-117.68702029210273,3.838036,2000-12-14T06:50:01.156341,1.0,-0.1462868,173.90286,223.0177,NaN,NaN,NaN
952,35.91086079619784,-117.69522810678151,4.6677213,2000-12-14T06:52:00.815252,1.0,0.17723468,173.09808,226.2929,NaN,NaN,NaN
953,35.56977994336572,-117.5920936954652,7.3506413,2000-12-14T06:53:00.978437,1.0,0.14857544,183.17636,188.63835,NaN,NaN,NaN
956,35.8886430892553,-117.67469897975911,7.681154,2000-12-14T06:56:01.176236,1.0,-0.18428604,174.99922,223.86343,NaN,NaN,NaN
957,35.924062021233986,-117.71743005655972,4.0824537,2000-12-14T06:57:00.782993,1.0,0.2153477,171.06615,227.71976,NaN,NaN,NaN
958,35.92437619349101,-117.7065916863817,4.5782022,2000-12-14T06:58:01.097962,1.0,-0.11001902,172.04356,227.77286,NaN,NaN,NaN
959,35.746071320749174,-117.57009894020798,4.676165,2000-12-14T06:59:00.913536,1.0,0.075771414,184.7683,208.23314,NaN,NaN,NaN
961,35.59795621830031,-117.58257050928131,4.227047,2000-12-14T07:01:00.803068,1.0,0.12688762,183.9758,191.78093,NaN,NaN,NaN
962,35.921258850106206,-117.71385169985082,6.6808486,2000-12-14T07:02:01.042868,1.0,-0.04135245,171.39503,227.41483,NaN,NaN,NaN
963,35.574713668378486,-117.34590755539126,4.009178,2000-12-14T07:03:00.706143,1.0,0.21344516,205.47629,189.65414,NaN,NaN,NaN
964,35.75890907446259,-117.57392782575822,7.230656,2000-12-14T07:04:01.085274,1.0,-0.1350565,184.39278,209.65024,NaN,NaN,NaN
965,35.67125688534554,-117.51878180616615,9.38397,2000-12-14T07:05:01.009387,1.0,-0.08034733,189.58417,200.02852,NaN,NaN,NaN
967,35.940769845332944,-117.69495521229992,4.261124,2000-12-14T07:07:00.884975,1.0,0.1136846,173.05843,229.61105,NaN,NaN,NaN
968,35.71278963406512,-117.543500586383,5.8264117,2000-12-14T07:08:01.350087,1.0,-0.28786725,187.2507,204.58987,NaN,NaN,NaN
970,35.66270161280264,-117.51782991684851,8.789602,2000-12-14T07:10:00.626643,1.0,0.287314,189.69032,199.0813,NaN,NaN,NaN
971,35.657348565366874,-117.47262636423434,5.229013,2000-12-14T07:11:01.132875,1.0,0.05220346,193.79535,198.57245,NaN,NaN,NaN
972,35.66778155550614,-117.48086873096848,2.3171642,2000-12-14T07:12:00.638330,1.0,0.37737554,193.02432,199.7141,NaN,NaN,NaN
973,35.914215144717524,-117.68990907636065,4.8834643,2000-12-14T07:13:01.106330,1.0,-0.09794375,173.57094,226.67403,NaN,NaN,NaN
974,35.59635942431159,-117.60196869609636,4.684181,2000-12-14T07:14:01.107953,1.0,-0.25746685,182.22182,191.56902,NaN,NaN,NaN
975,35.732578913785495,-117.53702084256544,6.0367246,2000-12-14T07:15:00.968211,1.0,0.082251474,187.79109,206.7969,NaN,NaN,NaN
976,35.68094238339563,-117.53471230280252,7.7214355,2000-12-14T07:16:00.959512,1.0,-0.059860054,188.11967,201.0734,NaN,NaN,NaN
978,35.661538195379336,-117.48366796848029,6.287813,2000-12-14T07:18:01.251712,1.0,-0.22183844,192.78575,199.01627,NaN,NaN,NaN
979,35.59860313052512,-117.5871038728277,4.5397124,2000-12-14T07:19:01.243807,1.0,-0.27475998,183.5636,191.84453,NaN,NaN,NaN
980,35.91946499950715,-117.72760008812473,4.5031962,2000-12-14T07:20:01.303055,1.0,-0.26154837,170.15808,227.1928,NaN,NaN,NaN
981,35.64077547422608,-117.45385768092073,3.1222692,2000-12-14T07:21:01.109784,1.0,-0.110639505,195.53445,196.7699,NaN,NaN,NaN
982,35.93307720781557,-117.69672673462023,4.21791,2000-12-14T07:22:01.037156,1.0,-0.031805564,172.91512,228.75473,NaN,NaN,NaN
983,35.68625759298715,-117.53278647961098,8.005694,2000-12-14T07:23:01.000795,1.0,-0.09184975,188.28165,201.66653,NaN,NaN,NaN
984,35.89185059531171,-117.7252998155336,6.5984774,2000-12-14T07:24:00.990808,1.0,0.008994702,170.42407,224.13347,NaN,NaN,NaN
985,35.67286283072061,-117.48465084435672,6.1098204,2000-12-14T07:25:01.217854,1.0,-0.18674451,192.66989,200.27058,NaN,NaN,NaN
986,35.922671389228675,-117.68255119996867,4.104575,2000-12-14T07:26:00.895678,1.0,0.092714064,174.21672,227.6246,NaN,NaN,NaN
987,35.65258192613922,-117.51926280261796,9.308795,2000-12-14T07:27:00.977260,1.0,-0.029774657,189.58423,197.95612,NaN,NaN,NaN
988,35.64717615883897,-117.45745886100218,2.3117833,2000-12-14T07:28:01.118879,1.0,-0.116914585,195.19298,197.47299,NaN,NaN,NaN
990,35.8684903170257,-117.68595600466467,8.448896,2000-12-14T07:30:01.005269,1.0,-0.0070797307,174.0264,221.60869,NaN,NaN,NaN
991,35.75181552583433,-117.57499014549204,7.3706555,2000-12-14T07:31:00.664948,1.0,0.27991068,184.31287,208.86147,NaN,NaN,NaN
993,35.92331007422463,-117.69797891673234,4.314677,2000-12-14T07:33:01.072494,1.0,-0.07179366,172.82309,227.66917,NaN,NaN,NaN
994,35.67015380112428,-117.47168474057001,4.2202606,2000-12-14T07:34:00.928172,1.0,0.08763825,193.85002,199.99464,NaN,NaN,NaN
995,35.86741401993933,-117.701312976649,5.4115353,2000-12-14T07:35:00.841476,1.0,0.20409165,172.64189,221.46318,NaN,NaN,NaN
996,35.94839496882379,-117.69947903952318,4.851456,2000-12-14T07:36:00.765742,1.0,0.22631623,172.63391,230.4492,NaN,NaN,NaN
997,35.92702247041887,-117.69440986339738,5.0712924,2000-12-14T07:37:00.954308,1.0,0.04613409,173.13719,228.08704,NaN,NaN,NaN
998,35.92318885138762,-117.68936965295312,5.022731,2000-12-14T07:38:00.824241,1.0,0.19038874,173.60028,227.67036,NaN,NaN,NaN
999,35.6983169848117,-117.51194712321197,7.910391,2000-12-14T07:39:00.939247,1.0,-0.019689418,190.13942,203.04286,NaN,NaN,NaN
