evid,latitude,longitude,depth,time,mag
1,35.9629,-117.6839,3.6030,2000-12-13T15:01:01.000000,1.0
2,36.0664,-117.8441,3.2620,2000-12-13T15:02:01.000000,1.0
3,35.8982,-117.7215,5.7450,2000-12-13T15:03:01.000000,1.0
4,35.8979,-117.7203,5.6390,2000-12-13T15:04:01.000000,1.0
5,35.9033,-117.7036,6.2950,2000-12-13T15:05:01.000000,1.0
6,35.6701,-117.5172,7.3680,2000-12-13T15:06:01.000000,1.0
7,35.5599,-117.3264,3.7360,2000-12-13T15:07:01.000000,1.0
8,36.0442,-117.8612,3.8810,2000-12-13T15:08:01.000000,1.0
9,35.9441,-117.6941,3.9600,2000-12-13T15:09:01.000000,1.0
10,35.5801,-117.6037,7.0970,2000-12-13T15:10:01.000000,1.0
11,35.9378,-117.6776,4.0240,2000-12-13T15:11:01.000000,1.0
12,35.5832,-117.6152,5.5260,2000-12-13T15:12:01.000000,1.0
13,35.9102,-117.6749,3.5140,2000-12-13T15:13:01.000000,1.0
14,35.6698,-117.4704,5.3560,2000-12-13T15:14:01.000000,1.0
15,35.7076,-117.5062,7.2870,2000-12-13T15:15:01.000000,1.0
16,35.6752,-117.4835,2.8920,2000-12-13T15:16:01.000000,1.0
17,35.8707,-117.6851,7.5760,2000-12-13T15:17:01.000000,1.0
18,35.6568,-117.5389,8.9100,2000-12-13T15:18:01.000000,1.0
19,35.6268,-117.4265,5.8230,2000-12-13T15:19:01.000000,1.0
20,35.8899,-117.6827,5.1960,2000-12-13T15:20:01.000000,1.0
21,35.5862,-117.4195,4.6690,2000-12-13T15:21:01.000000,1.0
22,35.5825,-117.5831,7.3790,2000-12-13T15:22:01.000000,1.0
23,35.6992,-117.5111,7.7270,2000-12-13T15:23:01.000000,1.0
24,35.9226,-117.7095,6.7340,2000-12-13T15:24:01.000000,1.0
25,35.8865,-117.6833,7.2920,2000-12-13T15:25:01.000000,1.0
26,35.6486,-117.4496,6.9160,2000-12-13T15:26:01.000000,1.0
27,35.6089,-117.5868,5.5620,2000-12-13T15:27:01.000000,1.0
28,35.8751,-117.7078,4.8360,2000-12-13T15:28:01.000000,1.0
29,35.8745,-117.6968,5.8570,2000-12-13T15:29:01.000000,1.0
30,35.5707,-117.5988,6.3620,2000-12-13T15:30:01.000000,1.0
31,35.6670,-117.4862,4.9410,2000-12-13T15:31:01.000000,1.0
32,35.6784,-117.4841,6.0980,2000-12-13T15:32:01.000000,1.0
33,35.9595,-117.7040,4.1250,2000-12-13T15:33:01.000000,1.0
34,35.7258,-117.5414,6.0370,2000-12-13T15:34:01.000000,1.0
35,35.8642,-117.6975,6.0190,2000-12-13T15:35:01.000000,1.0
36,35.9044,-117.7464,6.9860,2000-12-13T15:36:01.000000,1.0
37,35.7064,-117.5860,7.6630,2000-12-13T15:37:01.000000,1.0
38,35.6477,-117.4936,6.4210,2000-12-13T15:38:01.000000,1.0
39,35.7537,-117.5734,6.3730,2000-12-13T15:39:01.000000,1.0
40,35.9134,-117.7070,4.4770,2000-12-13T15:40:01.000000,1.0
41,35.8830,-117.6989,4.4610,2000-12-13T15:41:01.000000,1.0
42,35.6788,-117.4933,0.6900,2000-12-13T15:42:01.000000,1.0
43,35.8757,-117.6925,7.4650,2000-12-13T15:43:01.000000,1.0
44,35.9423,-117.6868,4.1710,2000-12-13T15:44:01.000000,1.0
45,35.6619,-117.4806,5.5280,2000-12-13T15:45:01.000000,1.0
46,35.6060,-117.5788,5.4050,2000-12-13T15:46:01.000000,1.0
47,35.8685,-117.6842,7.8530,2000-12-13T15:47:01.000000,1.0
48,35.7332,-117.5325,4.3380,2000-12-13T15:48:01.000000,1.0
49,35.9210,-117.7126,3.5800,2000-12-13T15:49:01.000000,1.0
50,35.5969,-117.6007,4.6740,2000-12-13T15:50:01.000000,1.0
51,35.9828,-117.6728,3.0660,2000-12-13T15:51:01.000000,1.0
52,35.6623,-117.5019,5.4150,2000-12-13T15:52:01.000000,1.0
53,35.9448,-117.6952,3.7630,2000-12-13T15:53:01.000000,1.0
54,35.6996,-117.5456,7.9700,2000-12-13T15:54:01.000000,1.0
55,35.9496,-117.6975,4.3290,2000-12-13T15:55:01.000000,1.0
56,35.7444,-117.5348,6.4670,2000-12-13T15:56:01.000000,1.0
57,35.9844,-117.6776,2.8270,2000-12-13T15:57:01.000000,1.0
58,35.7602,-117.5787,8.1570,2000-12-13T15:58:01.000000,1.0
59,35.9243,-117.7043,4.6050,2000-12-13T15:59:01.000000,1.0
60,35.8666,-117.7013,5.0680,2000-12-13T16:00:01.000000,1.0
61,35.8987,-117.7228,7.1120,2000-12-13T16:01:01.000000,1.0
62,35.6275,-117.4287,2.9390,2000-12-13T16:02:01.000000,1.0
63,35.8743,-117.6677,8.9800,2000-12-13T16:03:01.000000,1.0
64,35.6161,-117.5939,7.4060,2000-12-13T16:04:01.000000,1.0
65,36.0517,-117.8430,3.4640,2000-12-13T16:05:01.000000,1.0
66,35.6046,-117.5962,5.0820,2000-12-13T16:06:01.000000,1.0
67,35.6421,-117.4511,3.8410,2000-12-13T16:07:01.000000,1.0
68,35.9176,-117.7110,5.0410,2000-12-13T16:08:01.000000,1.0
69,35.6405,-117.4405,4.5460,2000-12-13T16:09:01.000000,1.0
70,35.7173,-117.5331,7.9510,2000-12-13T16:10:01.000000,1.0
71,35.7177,-117.5250,5.5550,2000-12-13T16:11:01.000000,1.0
72,35.6682,-117.5160,7.7990,2000-12-13T16:12:01.000000,1.0
73,35.9184,-117.6928,4.3310,2000-12-13T16:13:01.000000,1.0
74,35.9214,-117.7261,4.3750,2000-12-13T16:14:01.000000,1.0
75,35.7403,-117.5657,3.9470,2000-12-13T16:15:01.000000,1.0
76,35.5866,-117.4186,4.6040,2000-12-13T16:16:01.000000,1.0
77,35.9493,-117.6875,3.9970,2000-12-13T16:17:01.000000,1.0
78,35.9153,-117.7122,7.0740,2000-12-13T16:18:01.000000,1.0
79,35.9005,-117.6734,4.0680,2000-12-13T16:19:01.000000,1.0
80,35.6447,-117.4600,4.4010,2000-12-13T16:20:01.000000,1.0
81,35.6319,-117.4313,4.9890,2000-12-13T16:21:01.000000,1.0
82,35.5922,-117.4231,5.5780,2000-12-13T16:22:01.000000,1.0
83,35.6654,-117.4803,2.8730,2000-12-13T16:23:01.000000,1.0
84,35.6730,-117.4622,4.7210,2000-12-13T16:24:01.000000,1.0
85,35.8675,-117.7006,4.6800,2000-12-13T16:25:01.000000,1.0
86,35.6649,-117.4780,5.2440,2000-12-13T16:26:01.000000,1.0
87,35.7125,-117.5367,4.4010,2000-12-13T16:27:01.000000,1.0
88,35.8944,-117.6913,4.7740,2000-12-13T16:28:01.000000,1.0
89,35.8774,-117.7110,4.5510,2000-12-13T16:29:01.000000,1.0
90,35.6186,-117.4317,5.3690,2000-12-13T16:30:01.000000,1.0
91,35.9000,-117.6755,4.2170,2000-12-13T16:31:01.000000,1.0
92,35.6677,-117.4872,2.1660,2000-12-13T16:32:01.000000,1.0
93,35.9419,-117.6978,4.0090,2000-12-13T16:33:01.000000,1.0
94,35.6454,-117.4495,2.4580,2000-12-13T16:34:01.000000,1.0
95,35.8973,-117.7102,7.0110,2000-12-13T16:35:01.000000,1.0
96,35.7130,-117.4893,5.1300,2000-12-13T16:36:01.000000,1.0
97,35.6703,-117.4700,2.7860,2000-12-13T16:37:01.000000,1.0
98,35.8835,-117.6884,7.1080,2000-12-13T16:38:01.000000,1.0
99,35.9322,-117.7156,6.2300,2000-12-13T16:39:01.000000,1.0
100,35.6416,-117.4433,3.0050,2000-12-13T16:40:01.000000,1.0
101,36.0162,-117.8457,3.5730,2000-12-13T16:41:01.000000,1.0
102,35.7737,-117.5591,6.2910,2000-12-13T16:42:01.000000,1.0
103,35.8894,-117.7166,4.8860,2000-12-13T16:43:01.000000,1.0
104,35.9658,-117.6804,0.8270,2000-12-13T16:44:01.000000,1.0
105,35.6783,-117.5499,7.9810,2000-12-13T16:45:01.000000,1.0
106,35.8883,-117.6822,5.1930,2000-12-13T16:46:01.000000,1.0
107,35.9174,-117.7284,4.0700,2000-12-13T16:47:01.000000,1.0
108,35.6403,-117.4674,6.4700,2000-12-13T16:48:01.000000,1.0
109,35.7267,-117.5252,6.0870,2000-12-13T16:49:01.000000,1.0
110,35.5874,-117.4192,5.2480,2000-12-13T16:50:01.000000,1.0
111,35.9281,-117.7101,4.6050,2000-12-13T16:51:01.000000,1.0
112,35.6994,-117.5918,7.5000,2000-12-13T16:52:01.000000,1.0
113,35.7175,-117.5370,7.2970,2000-12-13T16:53:01.000000,1.0
114,35.9107,-117.6985,4.6540,2000-12-13T16:54:01.000000,1.0
115,35.5900,-117.4209,5.1100,2000-12-13T16:55:01.000000,1.0
116,35.8850,-117.6893,7.1770,2000-12-13T16:56:01.000000,1.0
117,35.8220,-117.6446,4.3850,2000-12-13T16:57:01.000000,1.0
118,35.6815,-117.5235,8.6400,2000-12-13T16:58:01.000000,1.0
119,35.5634,-117.6179,5.8040,2000-12-13T16:59:01.000000,1.0
120,35.7097,-117.4991,6.2160,2000-12-13T17:00:01.000000,1.0
121,35.7190,-117.5681,8.7700,2000-12-13T17:01:01.000000,1.0
122,35.6705,-117.4830,4.8020,2000-12-13T17:02:01.000000,1.0
123,35.7039,-117.5260,9.1990,2000-12-13T17:03:01.000000,1.0
124,35.7169,-117.5470,8.3480,2000-12-13T17:04:01.000000,1.0
125,35.8896,-117.6875,5.3240,2000-12-13T17:05:01.000000,1.0
126,35.5927,-117.4223,4.1360,2000-12-13T17:06:01.000000,1.0
127,35.8845,-117.6849,7.5880,2000-12-13T17:07:01.000000,1.0
128,35.9327,-117.6730,3.0350,2000-12-13T17:08:01.000000,1.0
129,35.7213,-117.5272,6.3610,2000-12-13T17:09:01.000000,1.0
130,35.5620,-117.3292,3.4560,2000-12-13T17:10:01.000000,1.0
131,35.7069,-117.5044,5.2880,2000-12-13T17:11:01.000000,1.0
132,35.8905,-117.7310,6.6770,2000-12-13T17:12:01.000000,1.0
133,35.6148,-117.4147,5.0200,2000-12-13T17:13:01.000000,1.0
134,36.0517,-117.8494,2.8830,2000-12-13T17:14:01.000000,1.0
135,35.6197,-117.4389,6.9800,2000-12-13T17:15:01.000000,1.0
136,35.5690,-117.5993,6.2150,2000-12-13T17:16:01.000000,1.0
137,35.5939,-117.4255,6.0040,2000-12-13T17:17:01.000000,1.0
138,35.8272,-117.6594,5.0020,2000-12-13T17:18:01.000000,1.0
139,35.6180,-117.4209,6.7920,2000-12-13T17:19:01.000000,1.0
140,35.8836,-117.6900,7.4350,2000-12-13T17:20:01.000000,1.0
141,35.7175,-117.5580,6.4010,2000-12-13T17:21:01.000000,1.0
142,35.6478,-117.4641,2.3170,2000-12-13T17:22:01.000000,1.0
143,35.7004,-117.5910,7.6650,2000-12-13T17:23:01.000000,1.0
144,35.9058,-117.7154,8.0810,2000-12-13T17:24:01.000000,1.0
145,35.7087,-117.5782,7.8500,2000-12-13T17:25:01.000000,1.0
146,35.9188,-117.7318,4.3820,2000-12-13T17:26:01.000000,1.0
147,35.6077,-117.4592,3.9980,2000-12-13T17:27:01.000000,1.0
148,35.8928,-117.7058,7.1200,2000-12-13T17:28:01.000000,1.0
149,35.6709,-117.4823,4.5470,2000-12-13T17:29:01.000000,1.0
150,35.8981,-117.6862,4.5120,2000-12-13T17:30:01.000000,1.0
151,35.8910,-117.6780,4.7620,2000-12-13T17:31:01.000000,1.0
152,35.9380,-117.6976,4.3650,2000-12-13T17:32:01.000000,1.0
153,35.8888,-117.6818,6.0590,2000-12-13T17:33:01.000000,1.0
154,35.9244,-117.7153,4.0220,2000-12-13T17:34:01.000000,1.0
155,35.9231,-117.7252,6.3990,2000-12-13T17:35:01.000000,1.0
156,35.5754,-117.6213,5.7460,2000-12-13T17:36:01.000000,1.0
157,35.5916,-117.4237,4.9000,2000-12-13T17:37:01.000000,1.0
158,35.6269,-117.4286,3.8510,2000-12-13T17:38:01.000000,1.0
159,35.8779,-117.7131,4.3500,2000-12-13T17:39:01.000000,1.0
160,35.7447,-117.5352,6.4760,2000-12-13T17:40:01.000000,1.0
161,35.6786,-117.5373,9.8160,2000-12-13T17:41:01.000000,1.0
162,35.6659,-117.4891,4.2600,2000-12-13T17:42:01.000000,1.0
163,35.9621,-117.7134,3.7420,2000-12-13T17:43:01.000000,1.0
164,35.9046,-117.7512,6.9210,2000-12-13T17:44:01.000000,1.0
165,35.9290,-117.7203,3.9380,2000-12-13T17:45:01.000000,1.0
166,35.7533,-117.5677,7.9830,2000-12-13T17:46:01.000000,1.0
167,36.0548,-117.8488,3.3570,2000-12-13T17:47:01.000000,1.0
168,36.0561,-117.8528,3.7580,2000-12-13T17:48:01.000000,1.0
169,35.7159,-117.5311,5.8290,2000-12-13T17:49:01.000000,1.0
170,35.5763,-117.6202,5.7110,2000-12-13T17:50:01.000000,1.0
171,35.6788,-117.4818,0.7070,2000-12-13T17:51:01.000000,1.0
172,35.9074,-117.7157,3.9390,2000-12-13T17:52:01.000000,1.0
173,35.6698,-117.4824,0.2380,2000-12-13T17:53:01.000000,1.0
174,35.6612,-117.5295,9.3020,2000-12-13T17:54:01.000000,1.0
175,35.7272,-117.5426,7.2430,2000-12-13T17:55:01.000000,1.0
176,35.7533,-117.5748,5.9760,2000-12-13T17:56:01.000000,1.0
177,35.9137,-117.6935,5.0090,2000-12-13T17:57:01.000000,1.0
178,35.6637,-117.4882,3.3360,2000-12-13T17:58:01.000000,1.0
179,35.9589,-117.7031,4.2570,2000-12-13T17:59:01.000000,1.0
180,35.5888,-117.4196,5.1850,2000-12-13T18:00:01.000000,1.0
181,35.9080,-117.7484,5.8680,2000-12-13T18:01:01.000000,1.0
182,35.9322,-117.7156,6.3470,2000-12-13T18:02:01.000000,1.0
183,35.6903,-117.5096,6.4800,2000-12-13T18:03:01.000000,1.0
184,35.9721,-117.6620,3.7870,2000-12-13T18:04:01.000000,1.0
185,35.9301,-117.6805,3.4510,2000-12-13T18:05:01.000000,1.0
186,35.8837,-117.6899,7.4120,2000-12-13T18:06:01.000000,1.0
187,35.9442,-117.6953,3.7720,2000-12-13T18:07:01.000000,1.0
188,35.9349,-117.7022,4.4080,2000-12-13T18:08:01.000000,1.0
189,35.9185,-117.7322,6.4270,2000-12-13T18:09:01.000000,1.0
190,35.7170,-117.5569,5.9210,2000-12-13T18:10:01.000000,1.0
191,35.6033,-117.5786,4.6140,2000-12-13T18:11:01.000000,1.0
192,35.8915,-117.6776,4.7310,2000-12-13T18:12:01.000000,1.0
193,35.8753,-117.6906,7.4370,2000-12-13T18:13:01.000000,1.0
194,35.9712,-117.6623,3.6720,2000-12-13T18:14:01.000000,1.0
195,35.6814,-117.5178,8.4080,2000-12-13T18:15:01.000000,1.0
196,35.6645,-117.4598,6.7780,2000-12-13T18:16:01.000000,1.0
197,35.6271,-117.4714,5.2370,2000-12-13T18:17:01.000000,1.0
198,35.6690,-117.5130,7.9370,2000-12-13T18:18:01.000000,1.0
199,35.8862,-117.6763,7.2310,2000-12-13T18:19:01.000000,1.0
200,36.0472,-117.8529,3.5730,2000-12-13T18:20:01.000000,1.0
201,35.6562,-117.4873,2.9710,2000-12-13T18:21:01.000000,1.0
202,35.6543,-117.5004,4.7300,2000-12-13T18:22:01.000000,1.0
203,35.8912,-117.6775,4.5680,2000-12-13T18:23:01.000000,1.0
204,35.7026,-117.5074,6.5790,2000-12-13T18:24:01.000000,1.0
205,35.9060,-117.7273,4.6530,2000-12-13T18:25:01.000000,1.0
206,35.8896,-117.6765,4.0500,2000-12-13T18:26:01.000000,1.0
207,35.9736,-117.6647,3.4710,2000-12-13T18:27:01.000000,1.0
208,35.7518,-117.5763,6.4320,2000-12-13T18:28:01.000000,1.0
209,35.9269,-117.7179,4.3410,2000-12-13T18:29:01.000000,1.0
210,35.9191,-117.7278,4.1450,2000-12-13T18:30:01.000000,1.0
211,35.7231,-117.5521,5.4400,2000-12-13T18:31:01.000000,1.0
212,35.9695,-117.6631,3.4050,2000-12-13T18:32:01.000000,1.0
213,35.9148,-117.7145,3.8200,2000-12-13T18:33:01.000000,1.0
214,35.5968,-117.5995,5.0210,2000-12-13T18:34:01.000000,1.0
215,35.5712,-117.5986,6.3350,2000-12-13T18:35:01.000000,1.0
216,35.9564,-117.7079,4.3250,2000-12-13T18:36:01.000000,1.0
217,36.0510,-117.8444,3.6010,2000-12-13T18:37:01.000000,1.0
218,35.9265,-117.7042,4.2230,2000-12-13T18:38:01.000000,1.0
219,35.7147,-117.5455,5.1780,2000-12-13T18:39:01.000000,1.0
220,35.6561,-117.4852,3.6630,2000-12-13T18:40:01.000000,1.0
221,35.9480,-117.6900,2.9100,2000-12-13T18:41:01.000000,1.0
222,35.9049,-117.7506,7.0070,2000-12-13T18:42:01.000000,1.0
223,35.9009,-117.6799,3.4370,2000-12-13T18:43:01.000000,1.0
224,36.0593,-117.8419,3.6090,2000-12-13T18:44:01.000000,1.0
225,36.0561,-117.8494,3.8960,2000-12-13T18:45:01.000000,1.0
226,35.6743,-117.5387,7.9350,2000-12-13T18:46:01.000000,1.0
227,35.8772,-117.6980,6.6970,2000-12-13T18:47:01.000000,1.0
228,35.9099,-117.7227,4.8610,2000-12-13T18:48:01.000000,1.0
229,36.0462,-117.8494,3.9990,2000-12-13T18:49:01.000000,1.0
230,35.9211,-117.7124,6.5130,2000-12-13T18:50:01.000000,1.0
231,35.6051,-117.4660,4.4640,2000-12-13T18:51:01.000000,1.0
232,35.5775,-117.3622,4.7360,2000-12-13T18:52:01.000000,1.0
233,35.5777,-117.6229,5.8700,2000-12-13T18:53:01.000000,1.0
234,35.9028,-117.7009,7.5020,2000-12-13T18:54:01.000000,1.0
235,35.6850,-117.4893,1.0960,2000-12-13T18:55:01.000000,1.0
236,35.6050,-117.5883,4.4150,2000-12-13T18:56:01.000000,1.0
237,35.6087,-117.4385,6.2840,2000-12-13T18:57:01.000000,1.0
238,35.8738,-117.6964,7.7640,2000-12-13T18:58:01.000000,1.0
239,35.8841,-117.6708,3.0310,2000-12-13T18:59:01.000000,1.0
240,35.6788,-117.5241,8.2540,2000-12-13T19:00:01.000000,1.0
241,35.7732,-117.5784,6.8330,2000-12-13T19:01:01.000000,1.0
242,35.9847,-117.6734,2.4530,2000-12-13T19:02:01.000000,1.0
243,35.6328,-117.4377,4.8080,2000-12-13T19:03:01.000000,1.0
244,35.9622,-117.7104,4.1140,2000-12-13T19:04:01.000000,1.0
245,35.9630,-117.7123,3.8830,2000-12-13T19:05:01.000000,1.0
246,35.9176,-117.7059,4.5470,2000-12-13T19:06:01.000000,1.0
247,35.9704,-117.6618,3.5780,2000-12-13T19:07:01.000000,1.0
248,35.9234,-117.7001,4.5680,2000-12-13T19:08:01.000000,1.0
249,35.6812,-117.5163,9.1600,2000-12-13T19:09:01.000000,1.0
250,35.6677,-117.4830,5.4250,2000-12-13T19:10:01.000000,1.0
251,35.7009,-117.5444,8.0050,2000-12-13T19:11:01.000000,1.0
252,35.8900,-117.7310,6.6560,2000-12-13T19:12:01.000000,1.0
253,35.6823,-117.4731,8.2400,2000-12-13T19:13:01.000000,1.0
254,35.6732,-117.4784,4.8960,2000-12-13T19:14:01.000000,1.0
255,35.5908,-117.3991,7.3540,2000-12-13T19:15:01.000000,1.0
256,35.9412,-117.6777,4.4470,2000-12-13T19:16:01.000000,1.0
257,35.6819,-117.4894,2.2360,2000-12-13T19:17:01.000000,1.0
258,35.7428,-117.5699,3.3080,2000-12-13T19:18:01.000000,1.0
259,35.7343,-117.5340,6.1490,2000-12-13T19:19:01.000000,1.0
260,35.9005,-117.6724,3.9990,2000-12-13T19:20:01.000000,1.0
261,35.9231,-117.7382,4.8140,2000-12-13T19:21:01.000000,1.0
262,35.6102,-117.4129,4.5150,2000-12-13T19:22:01.000000,1.0
263,35.9163,-117.7329,7.0950,2000-12-13T19:23:01.000000,1.0
264,35.8808,-117.7090,4.5680,2000-12-13T19:24:01.000000,1.0
265,35.5962,-117.4222,5.4610,2000-12-13T19:25:01.000000,1.0
266,35.7025,-117.5104,5.6940,2000-12-13T19:26:01.000000,1.0
267,36.0576,-117.8474,3.4970,2000-12-13T19:27:01.000000,1.0
268,35.7311,-117.5430,6.5870,2000-12-13T19:28:01.000000,1.0
269,35.6231,-117.4254,4.9880,2000-12-13T19:29:01.000000,1.0
270,35.9187,-117.7278,4.0620,2000-12-13T19:30:01.000000,1.0
271,35.6367,-117.4387,4.2600,2000-12-13T19:31:01.000000,1.0
272,35.6823,-117.5258,7.7000,2000-12-13T19:32:01.000000,1.0
273,35.6572,-117.4812,5.9670,2000-12-13T19:33:01.000000,1.0
274,35.6506,-117.4588,1.1720,2000-12-13T19:34:01.000000,1.0
275,35.6410,-117.4434,3.3280,2000-12-13T19:35:01.000000,1.0
276,35.9245,-117.7140,3.7000,2000-12-13T19:36:01.000000,1.0
277,35.9715,-117.6633,3.4920,2000-12-13T19:37:01.000000,1.0
278,35.6145,-117.4193,4.2530,2000-12-13T19:38:01.000000,1.0
279,35.9598,-117.7033,4.3470,2000-12-13T19:39:01.000000,1.0
280,35.8784,-117.6803,5.0950,2000-12-13T19:40:01.000000,1.0
281,35.6536,-117.4679,5.1250,2000-12-13T19:41:01.000000,1.0
282,35.5787,-117.6183,5.8670,2000-12-13T19:42:01.000000,1.0
283,35.6061,-117.4348,5.5230,2000-12-13T19:43:01.000000,1.0
284,35.5882,-117.4204,5.4120,2000-12-13T19:44:01.000000,1.0
285,35.7381,-117.5647,4.2260,2000-12-13T19:45:01.000000,1.0
286,35.9812,-117.6765,0.8060,2000-12-13T19:46:01.000000,1.0
287,35.8836,-117.6704,7.8690,2000-12-13T19:47:01.000000,1.0
288,35.8982,-117.7169,5.7090,2000-12-13T19:48:01.000000,1.0
289,35.9576,-117.7021,4.5920,2000-12-13T19:49:01.000000,1.0
290,35.7135,-117.4881,5.2940,2000-12-13T19:50:01.000000,1.0
291,35.6264,-117.4264,5.8250,2000-12-13T19:51:01.000000,1.0
292,35.6789,-117.4852,1.2410,2000-12-13T19:52:01.000000,1.0
293,35.9145,-117.6904,4.4080,2000-12-13T19:53:01.000000,1.0
294,35.8999,-117.6996,6.7390,2000-12-13T19:54:01.000000,1.0
295,35.9218,-117.7087,3.8900,2000-12-13T19:55:01.000000,1.0
296,35.6958,-117.5340,9.0330,2000-12-13T19:56:01.000000,1.0
297,35.9243,-117.6951,4.2700,2000-12-13T19:57:01.000000,1.0
298,35.6887,-117.5256,7.9090,2000-12-13T19:58:01.000000,1.0
299,35.7137,-117.5229,4.4640,2000-12-13T19:59:01.000000,1.0
300,35.7005,-117.5313,8.8410,2000-12-13T20:00:01.000000,1.0
301,35.7097,-117.5813,6.0230,2000-12-13T20:01:01.000000,1.0
302,35.6264,-117.4197,4.9430,2000-12-13T20:02:01.000000,1.0
303,35.7608,-117.5751,7.7700,2000-12-13T20:03:01.000000,1.0
304,35.9808,-117.6688,2.9080,2000-12-13T20:04:01.000000,1.0
305,35.8844,-117.6756,4.9130,2000-12-13T20:05:01.000000,1.0
306,35.6403,-117.4440,3.5060,2000-12-13T20:06:01.000000,1.0
307,35.9150,-117.6938,4.6850,2000-12-13T20:07:01.000000,1.0
308,35.9143,-117.6833,4.5500,2000-12-13T20:08:01.000000,1.0
309,35.6541,-117.4975,6.6520,2000-12-13T20:09:01.000000,1.0
310,35.6127,-117.4165,5.2770,2000-12-13T20:10:01.000000,1.0
311,35.6028,-117.5938,3.6630,2000-12-13T20:11:01.000000,1.0
312,35.5999,-117.5984,4.5970,2000-12-13T20:12:01.000000,1.0
313,35.5952,-117.3930,7.2320,2000-12-13T20:13:01.000000,1.0
314,35.6230,-117.4267,3.4250,2000-12-13T20:14:01.000000,1.0
315,35.7066,-117.5046,5.6950,2000-12-13T20:15:01.000000,1.0
316,35.7328,-117.5350,5.2500,2000-12-13T20:16:01.000000,1.0
317,36.0544,-117.8505,3.7950,2000-12-13T20:17:01.000000,1.0
318,35.9412,-117.6980,4.1280,2000-12-13T20:18:01.000000,1.0
319,35.9340,-117.7042,4.4920,2000-12-13T20:19:01.000000,1.0
320,35.8923,-117.7264,6.4880,2000-12-13T20:20:01.000000,1.0
321,35.9380,-117.6980,4.3460,2000-12-13T20:21:01.000000,1.0
322,35.5986,-117.5945,4.5540,2000-12-13T20:22:01.000000,1.0
323,35.7064,-117.5486,5.4290,2000-12-13T20:23:01.000000,1.0
324,35.6694,-117.4755,4.4520,2000-12-13T20:24:01.000000,1.0
325,35.6156,-117.5969,7.8290,2000-12-13T20:25:01.000000,1.0
326,35.9789,-117.6651,3.6390,2000-12-13T20:26:01.000000,1.0
327,35.7603,-117.5714,6.8640,2000-12-13T20:27:01.000000,1.0
328,35.7503,-117.5754,6.2770,2000-12-13T20:28:01.000000,1.0
329,35.9105,-117.7197,6.2610,2000-12-13T20:29:01.000000,1.0
330,35.8977,-117.7160,7.7540,2000-12-13T20:30:01.000000,1.0
331,35.6648,-117.4783,1.5140,2000-12-13T20:31:01.000000,1.0
332,35.9018,-117.6962,4.5400,2000-12-13T20:32:01.000000,1.0
333,35.8834,-117.6823,4.3790,2000-12-13T20:33:01.000000,1.0
334,35.5989,-117.4327,7.1830,2000-12-13T20:34:01.000000,1.0
335,35.9245,-117.7112,4.2720,2000-12-13T20:35:01.000000,1.0
336,35.6225,-117.4423,6.7330,2000-12-13T20:36:01.000000,1.0
337,35.6313,-117.4329,6.7070,2000-12-13T20:37:01.000000,1.0
338,35.8967,-117.7007,7.1020,2000-12-13T20:38:01.000000,1.0
339,35.7323,-117.5703,7.9110,2000-12-13T20:39:01.000000,1.0
340,35.6291,-117.4259,4.5370,2000-12-13T20:40:01.000000,1.0
341,35.8804,-117.7111,4.2550,2000-12-13T20:41:01.000000,1.0
342,35.8995,-117.7387,7.3320,2000-12-13T20:42:01.000000,1.0
343,35.8558,-117.6767,7.4780,2000-12-13T20:43:01.000000,1.0
344,35.6809,-117.4976,3.9540,2000-12-13T20:44:01.000000,1.0
345,35.6271,-117.4284,3.6960,2000-12-13T20:45:01.000000,1.0
346,35.8981,-117.6987,4.6050,2000-12-13T20:46:01.000000,1.0
347,35.6065,-117.5858,5.1330,2000-12-13T20:47:01.000000,1.0
348,35.9491,-117.6779,3.3240,2000-12-13T20:48:01.000000,1.0
349,36.0592,-117.8550,3.8800,2000-12-13T20:49:01.000000,1.0
350,35.6545,-117.4882,5.6630,2000-12-13T20:50:01.000000,1.0
351,35.9058,-117.6797,3.9840,2000-12-13T20:51:01.000000,1.0
352,35.8853,-117.6836,3.2260,2000-12-13T20:52:01.000000,1.0
353,35.6288,-117.4310,3.4670,2000-12-13T20:53:01.000000,1.0
354,35.8417,-117.6617,4.3480,2000-12-13T20:54:01.000000,1.0
355,35.9396,-117.7004,3.6760,2000-12-13T20:55:01.000000,1.0
356,35.7470,-117.5557,5.1640,2000-12-13T20:56:01.000000,1.0
357,35.6062,-117.4652,4.7310,2000-12-13T20:57:01.000000,1.0
358,35.9735,-117.6757,3.0380,2000-12-13T20:58:01.000000,1.0
359,35.9389,-117.6923,4.0750,2000-12-13T20:59:01.000000,1.0
360,35.7155,-117.5607,6.5150,2000-12-13T21:00:01.000000,1.0
361,35.8353,-117.6547,3.9490,2000-12-13T21:01:01.000000,1.0
362,36.0549,-117.8544,3.2000,2000-12-13T21:02:01.000000,1.0
363,36.0249,-117.8687,1.8580,2000-12-13T21:03:01.000000,1.0
364,35.5752,-117.6203,6.0890,2000-12-13T21:04:01.000000,1.0
365,35.6919,-117.5212,7.5040,2000-12-13T21:05:01.000000,1.0
366,35.9811,-117.6704,3.2330,2000-12-13T21:06:01.000000,1.0
367,35.9095,-117.6943,4.7640,2000-12-13T21:07:01.000000,1.0
368,35.6099,-117.5844,6.6220,2000-12-13T21:08:01.000000,1.0
369,35.9363,-117.6927,4.3540,2000-12-13T21:09:01.000000,1.0
370,35.8276,-117.6611,5.1520,2000-12-13T21:10:01.000000,1.0
371,35.6159,-117.4411,5.0480,2000-12-13T21:11:01.000000,1.0
372,35.6455,-117.4559,5.5400,2000-12-13T21:12:01.000000,1.0
373,35.6702,-117.4680,7.6560,2000-12-13T21:13:01.000000,1.0
374,35.9318,-117.7035,3.3930,2000-12-13T21:14:01.000000,1.0
375,35.6576,-117.4635,3.8150,2000-12-13T21:15:01.000000,1.0
376,35.6670,-117.4771,2.4510,2000-12-13T21:16:01.000000,1.0
377,35.8920,-117.7172,5.6680,2000-12-13T21:17:01.000000,1.0
378,35.6986,-117.5913,7.8810,2000-12-13T21:18:01.000000,1.0
379,36.0264,-117.8503,3.5780,2000-12-13T21:19:01.000000,1.0
380,35.6360,-117.4639,4.8130,2000-12-13T21:20:01.000000,1.0
381,35.9169,-117.7353,3.9180,2000-12-13T21:21:01.000000,1.0
382,35.5747,-117.6204,6.1610,2000-12-13T21:22:01.000000,1.0
383,35.5874,-117.3545,4.8360,2000-12-13T21:23:01.000000,1.0
384,35.6516,-117.4452,3.6230,2000-12-13T21:24:01.000000,1.0
385,35.8753,-117.7079,5.1980,2000-12-13T21:25:01.000000,1.0
386,35.9449,-117.6954,3.7980,2000-12-13T21:26:01.000000,1.0
387,35.9004,-117.6735,4.0970,2000-12-13T21:27:01.000000,1.0
388,35.9017,-117.6701,5.8620,2000-12-13T21:28:01.000000,1.0
389,35.8982,-117.6987,4.6410,2000-12-13T21:29:01.000000,1.0
390,35.9137,-117.7395,5.0920,2000-12-13T21:30:01.000000,1.0
391,35.5966,-117.4226,4.8370,2000-12-13T21:31:01.000000,1.0
392,35.8890,-117.6825,4.9580,2000-12-13T21:32:01.000000,1.0
393,35.6299,-117.4569,3.6730,2000-12-13T21:33:01.000000,1.0
394,35.6247,-117.4525,6.3760,2000-12-13T21:34:01.000000,1.0
395,35.9002,-117.6736,4.0340,2000-12-13T21:35:01.000000,1.0
396,35.8724,-117.7053,3.6260,2000-12-13T21:36:01.000000,1.0
397,35.5997,-117.4306,5.6200,2000-12-13T21:37:01.000000,1.0
398,35.7005,-117.5269,8.8950,2000-12-13T21:38:01.000000,1.0
399,35.9479,-117.6941,3.5250,2000-12-13T21:39:01.000000,1.0
400,35.6020,-117.5963,4.7060,2000-12-13T21:40:01.000000,1.0
401,35.8853,-117.6891,7.2150,2000-12-13T21:41:01.000000,1.0
402,35.9092,-117.7467,5.7620,2000-12-13T21:42:01.000000,1.0
403,35.6107,-117.4415,4.1210,2000-12-13T21:43:01.000000,1.0
404,35.6015,-117.5959,4.7960,2000-12-13T21:44:01.000000,1.0
405,35.9040,-117.6718,3.7150,2000-12-13T21:45:01.000000,1.0
406,35.9536,-117.7168,3.8890,2000-12-13T21:46:01.000000,1.0
407,35.9317,-117.6811,3.6570,2000-12-13T21:47:01.000000,1.0
408,35.6438,-117.4495,2.9240,2000-12-13T21:48:01.000000,1.0
409,35.6650,-117.5281,8.7930,2000-12-13T21:49:01.000000,1.0
410,35.6327,-117.4285,4.6380,2000-12-13T21:50:01.000000,1.0
411,35.8190,-117.6429,3.6160,2000-12-13T21:51:01.000000,1.0
412,35.6405,-117.4410,4.0670,2000-12-13T21:52:01.000000,1.0
413,35.6306,-117.4579,3.6450,2000-12-13T21:53:01.000000,1.0
414,35.6893,-117.5328,8.1750,2000-12-13T21:54:01.000000,1.0
415,35.9754,-117.6655,3.6340,2000-12-13T21:55:01.000000,1.0
416,36.0414,-117.8453,2.9760,2000-12-13T21:56:01.000000,1.0
417,35.9739,-117.6630,3.5720,2000-12-13T21:57:01.000000,1.0
418,35.9873,-117.6697,2.6020,2000-12-13T21:58:01.000000,1.0
419,35.6572,-117.5408,9.0510,2000-12-13T21:59:01.000000,1.0
420,35.6012,-117.3884,7.0190,2000-12-13T22:00:01.000000,1.0
421,35.6104,-117.4110,5.7600,2000-12-13T22:01:01.000000,1.0
422,36.0553,-117.8514,3.5650,2000-12-13T22:02:01.000000,1.0
423,35.5868,-117.4202,4.8340,2000-12-13T22:03:01.000000,1.0
424,35.8904,-117.6834,5.2600,2000-12-13T22:04:01.000000,1.0
425,35.8959,-117.6792,8.0020,2000-12-13T22:05:01.000000,1.0
426,35.6765,-117.4884,1.5620,2000-12-13T22:06:01.000000,1.0
427,35.6760,-117.4844,0.5950,2000-12-13T22:07:01.000000,1.0
428,35.9625,-117.7068,3.9470,2000-12-13T22:08:01.000000,1.0
429,35.9129,-117.6964,4.1010,2000-12-13T22:09:01.000000,1.0
430,35.6769,-117.4849,1.5480,2000-12-13T22:10:01.000000,1.0
431,35.7591,-117.5752,7.2360,2000-12-13T22:11:01.000000,1.0
432,35.6307,-117.4293,4.9170,2000-12-13T22:12:01.000000,1.0
433,35.6638,-117.5233,8.1490,2000-12-13T22:13:01.000000,1.0
434,36.0406,-117.8677,3.1880,2000-12-13T22:14:01.000000,1.0
435,35.9395,-117.6993,4.3200,2000-12-13T22:15:01.000000,1.0
436,35.6691,-117.5232,8.7920,2000-12-13T22:16:01.000000,1.0
437,35.9191,-117.7306,6.4420,2000-12-13T22:17:01.000000,1.0
438,35.6270,-117.4270,5.8080,2000-12-13T22:18:01.000000,1.0
439,35.6601,-117.4568,6.9600,2000-12-13T22:19:01.000000,1.0
440,35.6066,-117.4640,4.8090,2000-12-13T22:20:01.000000,1.0
441,35.9083,-117.7218,6.4050,2000-12-13T22:21:01.000000,1.0
442,35.7737,-117.5628,6.6550,2000-12-13T22:22:01.000000,1.0
443,35.9704,-117.6617,3.5700,2000-12-13T22:23:01.000000,1.0
444,35.7067,-117.5040,5.4230,2000-12-13T22:24:01.000000,1.0
445,35.7446,-117.5536,4.8210,2000-12-13T22:25:01.000000,1.0
446,35.7011,-117.5072,7.9850,2000-12-13T22:26:01.000000,1.0
447,35.8983,-117.6815,4.2990,2000-12-13T22:27:01.000000,1.0
448,35.5767,-117.6198,5.6210,2000-12-13T22:28:01.000000,1.0
449,35.5729,-117.3478,2.7780,2000-12-13T22:29:01.000000,1.0
450,35.9695,-117.6616,3.6430,2000-12-13T22:30:01.000000,1.0
451,35.5704,-117.5980,6.3380,2000-12-13T22:31:01.000000,1.0
452,35.9209,-117.7094,6.8350,2000-12-13T22:32:01.000000,1.0
453,35.6682,-117.4911,3.4040,2000-12-13T22:33:01.000000,1.0
454,35.9136,-117.6850,4.4760,2000-12-13T22:34:01.000000,1.0
455,35.8235,-117.6473,4.2810,2000-12-13T22:35:01.000000,1.0
456,35.6624,-117.5309,8.5390,2000-12-13T22:36:01.000000,1.0
457,35.6403,-117.4528,3.5720,2000-12-13T22:37:01.000000,1.0
458,35.7073,-117.5796,7.7400,2000-12-13T22:38:01.000000,1.0
459,35.6305,-117.4311,6.4660,2000-12-13T22:39:01.000000,1.0
460,35.5770,-117.6194,5.7390,2000-12-13T22:40:01.000000,1.0
461,35.6742,-117.5151,8.1010,2000-12-13T22:41:01.000000,1.0
462,35.7690,-117.5702,7.0570,2000-12-13T22:42:01.000000,1.0
463,35.7588,-117.5676,7.0800,2000-12-13T22:43:01.000000,1.0
464,35.5966,-117.4026,7.4860,2000-12-13T22:44:01.000000,1.0
465,35.9619,-117.7124,3.9850,2000-12-13T22:45:01.000000,1.0
466,35.8967,-117.7057,7.5390,2000-12-13T22:46:01.000000,1.0
467,35.7237,-117.5602,8.0680,2000-12-13T22:47:01.000000,1.0
468,35.9006,-117.6812,4.1150,2000-12-13T22:48:01.000000,1.0
469,35.8795,-117.6774,5.4830,2000-12-13T22:49:01.000000,1.0
470,35.7732,-117.5706,6.3960,2000-12-13T22:50:01.000000,1.0
471,35.5866,-117.6130,7.2080,2000-12-13T22:51:01.000000,1.0
472,35.6951,-117.5139,6.6260,2000-12-13T22:52:01.000000,1.0
473,35.5741,-117.3521,4.8440,2000-12-13T22:53:01.000000,1.0
474,35.8931,-117.7097,6.9020,2000-12-13T22:54:01.000000,1.0
475,35.6768,-117.4881,1.5310,2000-12-13T22:55:01.000000,1.0
476,35.9203,-117.6933,4.1780,2000-12-13T22:56:01.000000,1.0
477,35.6710,-117.4677,5.3640,2000-12-13T22:57:01.000000,1.0
478,35.7507,-117.5686,7.6850,2000-12-13T22:58:01.000000,1.0
479,36.0574,-117.8561,4.4180,2000-12-13T22:59:01.000000,1.0
480,35.6529,-117.5198,9.3390,2000-12-13T23:00:01.000000,1.0
481,36.0546,-117.8519,3.5260,2000-12-13T23:01:01.000000,1.0
482,35.8788,-117.6767,5.5460,2000-12-13T23:02:01.000000,1.0
483,35.8984,-117.6800,7.7250,2000-12-13T23:03:01.000000,1.0
484,35.6401,-117.4410,4.0580,2000-12-13T23:04:01.000000,1.0
485,35.6509,-117.4485,4.6270,2000-12-13T23:05:01.000000,1.0
486,35.8803,-117.6794,5.0790,2000-12-13T23:06:01.000000,1.0
487,35.8267,-117.6611,5.2570,2000-12-13T23:07:01.000000,1.0
488,35.8907,-117.6771,3.3830,2000-12-13T23:08:01.000000,1.0
489,35.5731,-117.6249,6.1790,2000-12-13T23:09:01.000000,1.0
490,35.5738,-117.3498,3.7610,2000-12-13T23:10:01.000000,1.0
491,35.9083,-117.7154,3.9640,2000-12-13T23:11:01.000000,1.0
492,35.6810,-117.5065,8.7730,2000-12-13T23:12:01.000000,1.0
493,35.9271,-117.7078,4.9160,2000-12-13T23:13:01.000000,1.0
494,35.7022,-117.5877,7.3510,2000-12-13T23:14:01.000000,1.0
495,35.9625,-117.6877,3.7370,2000-12-13T23:15:01.000000,1.0
496,35.8956,-117.7051,7.6840,2000-12-13T23:16:01.000000,1.0
497,35.6433,-117.4457,5.7000,2000-12-13T23:17:01.000000,1.0
498,35.9399,-117.6964,4.2090,2000-12-13T23:18:01.000000,1.0
499,35.6809,-117.5141,8.2540,2000-12-13T23:19:01.000000,1.0
500,35.6213,-117.4403,7.0220,2000-12-13T23:20:01.000000,1.0
501,35.6397,-117.4421,4.1700,2000-12-13T23:21:01.000000,1.0
502,35.6881,-117.5237,7.3920,2000-12-13T23:22:01.000000,1.0
503,35.6018,-117.4137,7.6490,2000-12-13T23:23:01.000000,1.0
504,35.6450,-117.4460,6.2160,2000-12-13T23:24:01.000000,1.0
505,35.8984,-117.6988,4.5600,2000-12-13T23:25:01.000000,1.0
506,35.6677,-117.4759,4.4910,2000-12-13T23:26:01.000000,1.0
507,35.9327,-117.6732,3.6090,2000-12-13T23:27:01.000000,1.0
508,36.0566,-117.8446,3.0330,2000-12-13T23:28:01.000000,1.0
509,35.5671,-117.3550,4.2880,2000-12-13T23:29:01.000000,1.0
510,35.9824,-117.6695,2.9750,2000-12-13T23:30:01.000000,1.0
511,35.8835,-117.6822,7.3980,2000-12-13T23:31:01.000000,1.0
512,35.6075,-117.4093,4.5040,2000-12-13T23:32:01.000000,1.0
513,35.6602,-117.4795,5.9140,2000-12-13T23:33:01.000000,1.0
514,35.9289,-117.7143,4.8960,2000-12-13T23:34:01.000000,1.0
515,35.8838,-117.6906,7.2630,2000-12-13T23:35:01.000000,1.0
516,36.0568,-117.8444,2.8130,2000-12-13T23:36:01.000000,1.0
517,35.8978,-117.7376,7.3000,2000-12-13T23:37:01.000000,1.0
518,35.6746,-117.5203,7.8050,2000-12-13T23:38:01.000000,1.0
519,35.9013,-117.6793,3.7520,2000-12-13T23:39:01.000000,1.0
520,35.7215,-117.5516,5.3460,2000-12-13T23:40:01.000000,1.0
521,35.9553,-117.6881,3.9820,2000-12-13T23:41:01.000000,1.0
522,35.8879,-117.7052,7.6970,2000-12-13T23:42:01.000000,1.0
523,35.9539,-117.6996,4.6230,2000-12-13T23:43:01.000000,1.0
524,35.5877,-117.4188,5.1530,2000-12-13T23:44:01.000000,1.0
525,35.7586,-117.5733,6.7980,2000-12-13T23:45:01.000000,1.0
526,35.6898,-117.5211,7.4340,2000-12-13T23:46:01.000000,1.0
527,35.6831,-117.5261,7.3720,2000-12-13T23:47:01.000000,1.0
528,35.9027,-117.6964,4.6750,2000-12-13T23:48:01.000000,1.0
529,35.8807,-117.6958,3.5980,2000-12-13T23:49:01.000000,1.0
530,35.9620,-117.7114,3.8540,2000-12-13T23:50:01.000000,1.0
531,35.9148,-117.7322,4.8830,2000-12-13T23:51:01.000000,1.0
532,35.6774,-117.5095,5.4440,2000-12-13T23:52:01.000000,1.0
533,36.0620,-117.8448,3.2320,2000-12-13T23:53:01.000000,1.0
534,35.7087,-117.4997,4.9590,2000-12-13T23:54:01.000000,1.0
535,36.0308,-117.8513,3.4500,2000-12-13T23:55:01.000000,1.0
536,35.6482,-117.4427,6.7300,2000-12-13T23:56:01.000000,1.0
537,35.7707,-117.5734,7.0060,2000-12-13T23:57:01.000000,1.0
538,35.8648,-117.6707,8.0150,2000-12-13T23:58:01.000000,1.0
539,35.9095,-117.7203,5.0760,2000-12-13T23:59:01.000000,1.0
540,35.6270,-117.4236,4.2590,2000-12-14T00:00:01.000000,1.0
541,35.9002,-117.7193,8.1080,2000-12-14T00:01:01.000000,1.0
542,35.9351,-117.7021,4.4290,2000-12-14T00:02:01.000000,1.0
543,35.6365,-117.4584,5.7960,2000-12-14T00:03:01.000000,1.0
544,35.6955,-117.5363,9.8890,2000-12-14T00:04:01.000000,1.0
545,35.5637,-117.3366,3.5770,2000-12-14T00:05:01.000000,1.0
546,35.6840,-117.4775,6.4640,2000-12-14T00:06:01.000000,1.0
547,35.8967,-117.7188,5.4460,2000-12-14T00:07:01.000000,1.0
548,35.8846,-117.6894,7.1900,2000-12-14T00:08:01.000000,1.0
549,35.7734,-117.5597,6.3640,2000-12-14T00:09:01.000000,1.0
550,35.9223,-117.7069,3.8450,2000-12-14T00:10:01.000000,1.0
551,36.0557,-117.8553,3.3850,2000-12-14T00:11:01.000000,1.0
552,35.8774,-117.6946,7.2440,2000-12-14T00:12:01.000000,1.0
553,35.7211,-117.5275,4.2390,2000-12-14T00:13:01.000000,1.0
554,35.6673,-117.4758,4.2800,2000-12-14T00:14:01.000000,1.0
555,35.8932,-117.7298,4.9410,2000-12-14T00:15:01.000000,1.0
556,36.0425,-117.8693,2.8050,2000-12-14T00:16:01.000000,1.0
557,35.6730,-117.5093,5.2850,2000-12-14T00:17:01.000000,1.0
558,35.7171,-117.5737,7.0990,2000-12-14T00:18:01.000000,1.0
559,35.9338,-117.6833,3.8890,2000-12-14T00:19:01.000000,1.0
560,35.8897,-117.7323,5.8940,2000-12-14T00:20:01.000000,1.0
561,35.7395,-117.5641,4.2980,2000-12-14T00:21:01.000000,1.0
562,35.9164,-117.7071,4.4490,2000-12-14T00:22:01.000000,1.0
563,36.0295,-117.8445,3.3970,2000-12-14T00:23:01.000000,1.0
564,35.6208,-117.4501,5.5190,2000-12-14T00:24:01.000000,1.0
565,35.8732,-117.6909,7.0840,2000-12-14T00:25:01.000000,1.0
566,35.6484,-117.4497,3.3680,2000-12-14T00:26:01.000000,1.0
567,35.6866,-117.5118,7.3060,2000-12-14T00:27:01.000000,1.0
568,35.6845,-117.5119,7.1580,2000-12-14T00:28:01.000000,1.0
569,35.9474,-117.6963,3.7930,2000-12-14T00:29:01.000000,1.0
570,35.9248,-117.7152,3.5140,2000-12-14T00:30:01.000000,1.0
571,35.8947,-117.7089,6.2650,2000-12-14T00:31:01.000000,1.0
572,35.6902,-117.5362,8.7830,2000-12-14T00:32:01.000000,1.0
573,35.8846,-117.6894,7.2990,2000-12-14T00:33:01.000000,1.0
574,35.7042,-117.5027,7.2280,2000-12-14T00:34:01.000000,1.0
575,36.0400,-117.8691,2.6930,2000-12-14T00:35:01.000000,1.0
576,35.6060,-117.5787,5.7180,2000-12-14T00:36:01.000000,1.0
577,35.6740,-117.5126,7.5270,2000-12-14T00:37:01.000000,1.0
578,35.8994,-117.6799,4.0740,2000-12-14T00:38:01.000000,1.0
579,35.8419,-117.6590,3.7020,2000-12-14T00:39:01.000000,1.0
580,35.8900,-117.7305,6.6980,2000-12-14T00:40:01.000000,1.0
581,35.6404,-117.4467,4.7720,2000-12-14T00:41:01.000000,1.0
582,35.9084,-117.6973,5.3880,2000-12-14T00:42:01.000000,1.0
583,35.6562,-117.5302,9.8700,2000-12-14T00:43:01.000000,1.0
584,35.6555,-117.4503,1.2000,2000-12-14T00:44:01.000000,1.0
585,35.9816,-117.6689,3.5610,2000-12-14T00:45:01.000000,1.0
586,35.9800,-117.6676,3.5210,2000-12-14T00:46:01.000000,1.0
587,35.9173,-117.7148,5.9580,2000-12-14T00:47:01.000000,1.0
588,35.9150,-117.7312,4.5600,2000-12-14T00:48:01.000000,1.0
589,35.9811,-117.6749,2.6850,2000-12-14T00:49:01.000000,1.0
590,35.6226,-117.4535,4.8620,2000-12-14T00:50:01.000000,1.0
591,35.6163,-117.4179,6.4780,2000-12-14T00:51:01.000000,1.0
592,35.8808,-117.6935,7.3660,2000-12-14T00:52:01.000000,1.0
593,35.5879,-117.4192,5.3470,2000-12-14T00:53:01.000000,1.0
594,35.9177,-117.6588,3.9580,2000-12-14T00:54:01.000000,1.0
595,35.8928,-117.6796,8.6210,2000-12-14T00:55:01.000000,1.0
596,35.6419,-117.4419,4.2460,2000-12-14T00:56:01.000000,1.0
597,35.6766,-117.5058,5.2700,2000-12-14T00:57:01.000000,1.0
598,35.6565,-117.4656,2.4430,2000-12-14T00:58:01.000000,1.0
599,35.8815,-117.7077,4.1910,2000-12-14T00:59:01.000000,1.0
600,35.8841,-117.6897,7.3340,2000-12-14T01:00:01.000000,1.0
601,35.6707,-117.4952,3.4820,2000-12-14T01:01:01.000000,1.0
602,35.9519,-117.6874,3.8620,2000-12-14T01:02:01.000000,1.0
603,35.5692,-117.3434,2.0050,2000-12-14T01:03:01.000000,1.0
604,35.7496,-117.5729,4.6790,2000-12-14T01:04:01.000000,1.0
605,35.7190,-117.5424,6.0290,2000-12-14T01:05:01.000000,1.0
606,35.5730,-117.3424,4.3290,2000-12-14T01:06:01.000000,1.0
607,35.9556,-117.7039,4.6750,2000-12-14T01:07:01.000000,1.0
608,35.7186,-117.5484,4.8460,2000-12-14T01:08:01.000000,1.0
609,35.8275,-117.6483,3.9590,2000-12-14T01:09:01.000000,1.0
610,35.7161,-117.5341,7.8050,2000-12-14T01:10:01.000000,1.0
611,36.0415,-117.8719,2.8880,2000-12-14T01:11:01.000000,1.0
612,35.6613,-117.4799,6.4930,2000-12-14T01:12:01.000000,1.0
613,36.0524,-117.8510,3.3450,2000-12-14T01:13:01.000000,1.0
614,35.7109,-117.5638,8.4560,2000-12-14T01:14:01.000000,1.0
615,35.6049,-117.5777,4.5800,2000-12-14T01:15:01.000000,1.0
616,35.6913,-117.5053,5.9850,2000-12-14T01:16:01.000000,1.0
617,35.9532,-117.6980,4.7960,2000-12-14T01:17:01.000000,1.0
618,35.6478,-117.4468,5.8680,2000-12-14T01:18:01.000000,1.0
619,35.8979,-117.7242,6.3120,2000-12-14T01:19:01.000000,1.0
620,36.0289,-117.8576,3.0100,2000-12-14T01:20:01.000000,1.0
621,35.9129,-117.6931,4.8480,2000-12-14T01:21:01.000000,1.0
622,35.9408,-117.6937,3.5480,2000-12-14T01:22:01.000000,1.0
623,35.5700,-117.5989,6.4410,2000-12-14T01:23:01.000000,1.0
624,35.5730,-117.3499,4.0480,2000-12-14T01:24:01.000000,1.0
625,35.9161,-117.7195,6.2490,2000-12-14T01:25:01.000000,1.0
626,36.0314,-117.8528,3.3650,2000-12-14T01:26:01.000000,1.0
627,35.5727,-117.5966,6.7020,2000-12-14T01:27:01.000000,1.0
628,35.6860,-117.5327,8.8020,2000-12-14T01:28:01.000000,1.0
629,35.6832,-117.5245,8.4300,2000-12-14T01:29:01.000000,1.0
630,35.8943,-117.7147,7.4990,2000-12-14T01:30:01.000000,1.0
631,35.9267,-117.7171,3.8160,2000-12-14T01:31:01.000000,1.0
632,35.6972,-117.5166,9.2060,2000-12-14T01:32:01.000000,1.0
633,35.7007,-117.5044,6.5650,2000-12-14T01:33:01.000000,1.0
634,35.6255,-117.4383,7.2650,2000-12-14T01:34:01.000000,1.0
635,35.9198,-117.6947,4.9070,2000-12-14T01:35:01.000000,1.0
636,35.8216,-117.6441,4.2600,2000-12-14T01:36:01.000000,1.0
637,35.8837,-117.6907,7.0130,2000-12-14T01:37:01.000000,1.0
638,35.7098,-117.5668,8.2360,2000-12-14T01:38:01.000000,1.0
639,35.9209,-117.7129,6.4970,2000-12-14T01:39:01.000000,1.0
640,35.8984,-117.7226,5.0060,2000-12-14T01:40:01.000000,1.0
641,35.7159,-117.5207,4.4830,2000-12-14T01:41:01.000000,1.0
642,35.7514,-117.5574,5.0910,2000-12-14T01:42:01.000000,1.0
643,35.9143,-117.7303,3.5420,2000-12-14T01:43:01.000000,1.0
644,35.5993,-117.4293,5.8910,2000-12-14T01:44:01.000000,1.0
645,35.9253,-117.6792,3.8320,2000-12-14T01:45:01.000000,1.0
646,35.7182,-117.5620,7.0080,2000-12-14T01:46:01.000000,1.0
647,35.9709,-117.6649,3.3880,2000-12-14T01:47:01.000000,1.0
648,35.5947,-117.4249,5.8310,2000-12-14T01:48:01.000000,1.0
649,35.7438,-117.5543,4.2340,2000-12-14T01:49:01.000000,1.0
650,35.8935,-117.7305,5.6400,2000-12-14T01:50:01.000000,1.0
651,35.9634,-117.7129,3.8670,2000-12-14T01:51:01.000000,1.0
652,35.6700,-117.4719,4.4090,2000-12-14T01:52:01.000000,1.0
653,35.6618,-117.5163,8.8800,2000-12-14T01:53:01.000000,1.0
654,35.9554,-117.7014,4.5430,2000-12-14T01:54:01.000000,1.0
655,35.5764,-117.6199,5.7410,2000-12-14T01:55:01.000000,1.0
656,35.8923,-117.6920,4.7610,2000-12-14T01:56:01.000000,1.0
657,35.9413,-117.6980,4.1160,2000-12-14T01:57:01.000000,1.0
658,35.8896,-117.6829,7.0770,2000-12-14T01:58:01.000000,1.0
659,35.6799,-117.4692,5.2110,2000-12-14T01:59:01.000000,1.0
660,35.6691,-117.4715,4.3610,2000-12-14T02:00:01.000000,1.0
661,35.6741,-117.4806,3.3920,2000-12-14T02:01:01.000000,1.0
662,35.5798,-117.3643,4.6960,2000-12-14T02:02:01.000000,1.0
663,35.8850,-117.6795,4.4660,2000-12-14T02:03:01.000000,1.0
664,35.8995,-117.6819,4.2450,2000-12-14T02:04:01.000000,1.0
665,35.9308,-117.6942,4.4080,2000-12-14T02:05:01.000000,1.0
666,35.6683,-117.5322,8.0740,2000-12-14T02:06:01.000000,1.0
667,36.0403,-117.8677,3.2050,2000-12-14T02:07:01.000000,1.0
668,35.9035,-117.6797,4.5190,2000-12-14T02:08:01.000000,1.0
669,35.8754,-117.7091,4.3230,2000-12-14T02:09:01.000000,1.0
670,35.6406,-117.4443,3.2760,2000-12-14T02:10:01.000000,1.0
671,35.8683,-117.6801,7.8720,2000-12-14T02:11:01.000000,1.0
672,35.6907,-117.5287,8.5220,2000-12-14T02:12:01.000000,1.0
673,35.8258,-117.6470,4.3590,2000-12-14T02:13:01.000000,1.0
674,36.0554,-117.8538,3.1550,2000-12-14T02:14:01.000000,1.0
675,35.6540,-117.5199,9.2390,2000-12-14T02:15:01.000000,1.0
676,36.0549,-117.8505,3.6440,2000-12-14T02:16:01.000000,1.0
677,35.6799,-117.5445,7.9270,2000-12-14T02:17:01.000000,1.0
678,35.6306,-117.4331,6.7620,2000-12-14T02:18:01.000000,1.0
679,35.9171,-117.7064,6.2560,2000-12-14T02:19:01.000000,1.0
680,35.7526,-117.5758,6.3650,2000-12-14T02:20:01.000000,1.0
681,35.6013,-117.4314,5.4150,2000-12-14T02:21:01.000000,1.0
682,35.7681,-117.5606,6.5710,2000-12-14T02:22:01.000000,1.0
683,35.9006,-117.7055,6.7470,2000-12-14T02:23:01.000000,1.0
684,35.6914,-117.5058,6.0250,2000-12-14T02:24:01.000000,1.0
685,35.6223,-117.4518,5.3760,2000-12-14T02:25:01.000000,1.0
686,35.6286,-117.4328,4.5160,2000-12-14T02:26:01.000000,1.0
687,35.7122,-117.5621,5.4100,2000-12-14T02:27:01.000000,1.0
688,35.5882,-117.4254,5.0680,2000-12-14T02:28:01.000000,1.0
689,35.5758,-117.6201,6.2100,2000-12-14T02:29:01.000000,1.0
690,35.6506,-117.4486,3.8190,2000-12-14T02:30:01.000000,1.0
691,35.8984,-117.6799,7.7170,2000-12-14T02:31:01.000000,1.0
692,35.7084,-117.5146,6.6710,2000-12-14T02:32:01.000000,1.0
693,35.6912,-117.5054,8.0100,2000-12-14T02:33:01.000000,1.0
694,36.0630,-117.8393,3.3240,2000-12-14T02:34:01.000000,1.0
695,35.9619,-117.6652,4.2450,2000-12-14T02:35:01.000000,1.0
696,35.6660,-117.5217,8.9530,2000-12-14T02:36:01.000000,1.0
697,36.0549,-117.8458,3.5530,2000-12-14T02:37:01.000000,1.0
698,35.6816,-117.5162,8.3340,2000-12-14T02:38:01.000000,1.0
699,35.6116,-117.5834,6.7370,2000-12-14T02:39:01.000000,1.0
700,35.5974,-117.4031,7.3920,2000-12-14T02:40:01.000000,1.0
701,35.6677,-117.4818,1.2860,2000-12-14T02:41:01.000000,1.0
702,35.7402,-117.5644,4.4210,2000-12-14T02:42:01.000000,1.0
703,35.5914,-117.4230,5.2880,2000-12-14T02:43:01.000000,1.0
704,35.7523,-117.5721,4.5380,2000-12-14T02:44:01.000000,1.0
705,35.8960,-117.6783,7.9340,2000-12-14T02:45:01.000000,1.0
706,35.6017,-117.4316,5.8730,2000-12-14T02:46:01.000000,1.0
707,35.6857,-117.5040,1.2350,2000-12-14T02:47:01.000000,1.0
708,35.6144,-117.4409,6.7490,2000-12-14T02:48:01.000000,1.0
709,36.0220,-117.8463,3.2640,2000-12-14T02:49:01.000000,1.0
710,35.6686,-117.4720,4.4910,2000-12-14T02:50:01.000000,1.0
711,35.6749,-117.4772,5.3150,2000-12-14T02:51:01.000000,1.0
712,35.6077,-117.4609,5.1050,2000-12-14T02:52:01.000000,1.0
713,35.8997,-117.7036,6.0620,2000-12-14T02:53:01.000000,1.0
714,35.5753,-117.3503,3.6250,2000-12-14T02:54:01.000000,1.0
715,35.9091,-117.7371,4.4050,2000-12-14T02:55:01.000000,1.0
716,35.6549,-117.4992,5.1890,2000-12-14T02:56:01.000000,1.0
717,35.6515,-117.5195,9.5640,2000-12-14T02:57:01.000000,1.0
718,35.8849,-117.6858,7.3000,2000-12-14T02:58:01.000000,1.0
719,35.7398,-117.5566,4.7290,2000-12-14T02:59:01.000000,1.0
720,35.6011,-117.4325,6.0090,2000-12-14T03:00:01.000000,1.0
721,35.9255,-117.7150,4.1060,2000-12-14T03:01:01.000000,1.0
722,36.0540,-117.8497,4.1460,2000-12-14T03:02:01.000000,1.0
723,35.8900,-117.6906,4.5810,2000-12-14T03:03:01.000000,1.0
724,35.6928,-117.5220,7.9280,2000-12-14T03:04:01.000000,1.0
725,35.9196,-117.7248,4.5910,2000-12-14T03:05:01.000000,1.0
726,35.6076,-117.4597,5.3980,2000-12-14T03:06:01.000000,1.0
727,35.6274,-117.4291,3.1930,2000-12-14T03:07:01.000000,1.0
728,35.8235,-117.6452,4.0120,2000-12-14T03:08:01.000000,1.0
729,35.6648,-117.4803,1.9160,2000-12-14T03:09:01.000000,1.0
730,35.9249,-117.7179,4.1660,2000-12-14T03:10:01.000000,1.0
731,35.9008,-117.6757,4.5320,2000-12-14T03:11:01.000000,1.0
732,35.9104,-117.6741,3.6110,2000-12-14T03:12:01.000000,1.0
733,35.6713,-117.4795,2.9090,2000-12-14T03:13:01.000000,1.0
734,35.6737,-117.4840,0.6710,2000-12-14T03:14:01.000000,1.0
735,35.9845,-117.6774,2.8240,2000-12-14T03:15:01.000000,1.0
736,35.9121,-117.6823,4.8730,2000-12-14T03:16:01.000000,1.0
737,35.8717,-117.6849,7.5240,2000-12-14T03:17:01.000000,1.0
738,35.8848,-117.6830,2.9910,2000-12-14T03:18:01.000000,1.0
739,35.9371,-117.7022,4.1850,2000-12-14T03:19:01.000000,1.0
740,35.8863,-117.7327,7.5570,2000-12-14T03:20:01.000000,1.0
741,35.6750,-117.4684,6.9290,2000-12-14T03:21:01.000000,1.0
742,35.9182,-117.7330,6.3070,2000-12-14T03:22:01.000000,1.0
743,36.0483,-117.8643,1.0910,2000-12-14T03:23:01.000000,1.0
744,35.6711,-117.4742,2.9030,2000-12-14T03:24:01.000000,1.0
745,35.6361,-117.4396,4.2590,2000-12-14T03:25:01.000000,1.0
746,35.9158,-117.6944,4.7900,2000-12-14T03:26:01.000000,1.0
747,35.6300,-117.4320,4.4060,2000-12-14T03:27:01.000000,1.0
748,35.8678,-117.7016,4.6200,2000-12-14T03:28:01.000000,1.0
749,36.0264,-117.8630,2.9940,2000-12-14T03:29:01.000000,1.0
750,35.8839,-117.6888,7.4140,2000-12-14T03:30:01.000000,1.0
751,35.6270,-117.4267,4.3130,2000-12-14T03:31:01.000000,1.0
752,35.6258,-117.4319,3.5540,2000-12-14T03:32:01.000000,1.0
753,35.6487,-117.4866,4.3360,2000-12-14T03:33:01.000000,1.0
754,35.9413,-117.6957,4.4990,2000-12-14T03:34:01.000000,1.0
755,35.6212,-117.4394,6.9900,2000-12-14T03:35:01.000000,1.0
756,35.9182,-117.7220,3.7330,2000-12-14T03:36:01.000000,1.0
757,35.8811,-117.7144,4.1470,2000-12-14T03:37:01.000000,1.0
758,35.6746,-117.5064,4.9910,2000-12-14T03:38:01.000000,1.0
759,35.5609,-117.3276,3.6130,2000-12-14T03:39:01.000000,1.0
760,35.9554,-117.6998,4.7830,2000-12-14T03:40:01.000000,1.0
761,35.8801,-117.7083,4.7390,2000-12-14T03:41:01.000000,1.0
762,35.9305,-117.6946,4.4980,2000-12-14T03:42:01.000000,1.0
763,35.7320,-117.5318,6.2810,2000-12-14T03:43:01.000000,1.0
764,35.8914,-117.6991,6.5480,2000-12-14T03:44:01.000000,1.0
765,35.9088,-117.7007,4.6910,2000-12-14T03:45:01.000000,1.0
766,35.9451,-117.6954,3.7250,2000-12-14T03:46:01.000000,1.0
767,35.9679,-117.6636,3.4930,2000-12-14T03:47:01.000000,1.0
768,35.6615,-117.5282,7.4070,2000-12-14T03:48:01.000000,1.0
769,35.7062,-117.5668,8.5130,2000-12-14T03:49:01.000000,1.0
770,36.0431,-117.8700,3.7240,2000-12-14T03:50:01.000000,1.0
771,35.6209,-117.4508,5.3850,2000-12-14T03:51:01.000000,1.0
772,35.8854,-117.6892,7.1580,2000-12-14T03:52:01.000000,1.0
773,35.9362,-117.6748,3.8100,2000-12-14T03:53:01.000000,1.0
774,35.9241,-117.6923,4.2180,2000-12-14T03:54:01.000000,1.0
775,35.6278,-117.4270,5.8480,2000-12-14T03:55:01.000000,1.0
776,35.9077,-117.7486,5.9480,2000-12-14T03:56:01.000000,1.0
777,35.8664,-117.6799,7.2570,2000-12-14T03:57:01.000000,1.0
778,35.6364,-117.4410,7.1960,2000-12-14T03:58:01.000000,1.0
779,35.9745,-117.6657,3.6730,2000-12-14T03:59:01.000000,1.0
780,35.9146,-117.6903,4.8300,2000-12-14T04:00:01.000000,1.0
781,35.9510,-117.6978,4.4970,2000-12-14T04:01:01.000000,1.0
782,35.9042,-117.7029,8.8420,2000-12-14T04:02:01.000000,1.0
783,35.9380,-117.7004,4.1420,2000-12-14T04:03:01.000000,1.0
784,35.9053,-117.6916,4.7560,2000-12-14T04:04:01.000000,1.0
785,35.5987,-117.5905,4.5000,2000-12-14T04:05:01.000000,1.0
786,35.6571,-117.5407,9.0390,2000-12-14T04:06:01.000000,1.0
787,35.8922,-117.6771,4.4350,2000-12-14T04:07:01.000000,1.0
788,35.6029,-117.5781,4.4310,2000-12-14T04:08:01.000000,1.0
789,35.9456,-117.6954,3.8200,2000-12-14T04:09:01.000000,1.0
790,35.8663,-117.6976,5.2390,2000-12-14T04:10:01.000000,1.0
791,35.8968,-117.6976,6.1370,2000-12-14T04:11:01.000000,1.0
792,35.6810,-117.4732,6.5330,2000-12-14T04:12:01.000000,1.0
793,35.6790,-117.4697,7.2160,2000-12-14T04:13:01.000000,1.0
794,36.0615,-117.8526,3.3110,2000-12-14T04:14:01.000000,1.0
795,36.0498,-117.8528,3.8750,2000-12-14T04:15:01.000000,1.0
796,36.0536,-117.8529,3.4230,2000-12-14T04:16:01.000000,1.0
797,35.6996,-117.5916,7.5110,2000-12-14T04:17:01.000000,1.0
798,35.7740,-117.5618,6.6180,2000-12-14T04:18:01.000000,1.0
799,35.6125,-117.4501,3.5840,2000-12-14T04:19:01.000000,1.0
800,36.0658,-117.8541,3.4220,2000-12-14T04:20:01.000000,1.0
801,35.9331,-117.6974,4.2240,2000-12-14T04:21:01.000000,1.0
802,35.9228,-117.6885,5.2980,2000-12-14T04:22:01.000000,1.0
803,35.8670,-117.6881,8.6410,2000-12-14T04:23:01.000000,1.0
804,35.8918,-117.7315,6.4070,2000-12-14T04:24:01.000000,1.0
805,35.8741,-117.7052,4.5870,2000-12-14T04:25:01.000000,1.0
806,35.7041,-117.5089,5.4680,2000-12-14T04:26:01.000000,1.0
807,36.0487,-117.8475,3.1930,2000-12-14T04:27:01.000000,1.0
808,35.9681,-117.6619,3.5060,2000-12-14T04:28:01.000000,1.0
809,35.6260,-117.4286,4.5980,2000-12-14T04:29:01.000000,1.0
810,35.6950,-117.5302,8.5640,2000-12-14T04:30:01.000000,1.0
811,35.9046,-117.7336,4.4710,2000-12-14T04:31:01.000000,1.0
812,35.9208,-117.7264,3.9570,2000-12-14T04:32:01.000000,1.0
813,35.6214,-117.4458,5.6340,2000-12-14T04:33:01.000000,1.0
814,35.5958,-117.3964,6.9820,2000-12-14T04:34:01.000000,1.0
815,35.9395,-117.6972,4.1920,2000-12-14T04:35:01.000000,1.0
816,35.6042,-117.4684,4.3860,2000-12-14T04:36:01.000000,1.0
817,35.9014,-117.7254,5.2070,2000-12-14T04:37:01.000000,1.0
818,35.7224,-117.5533,5.0850,2000-12-14T04:38:01.000000,1.0
819,35.6874,-117.5261,7.8050,2000-12-14T04:39:01.000000,1.0
820,35.8681,-117.7038,8.8780,2000-12-14T04:40:01.000000,1.0
821,35.6454,-117.4542,5.9780,2000-12-14T04:41:01.000000,1.0
822,35.6990,-117.5048,7.8570,2000-12-14T04:42:01.000000,1.0
823,35.6868,-117.5005,9.5250,2000-12-14T04:43:01.000000,1.0
824,35.9169,-117.6933,4.4820,2000-12-14T04:44:01.000000,1.0
825,35.5741,-117.3495,3.6220,2000-12-14T04:45:01.000000,1.0
826,35.9669,-117.6615,3.6790,2000-12-14T04:46:01.000000,1.0
827,35.6039,-117.3959,7.2250,2000-12-14T04:47:01.000000,1.0
828,35.9112,-117.6964,4.5720,2000-12-14T04:48:01.000000,1.0
829,35.5960,-117.3966,6.9120,2000-12-14T04:49:01.000000,1.0
830,35.6920,-117.5265,8.6910,2000-12-14T04:50:01.000000,1.0
831,35.6618,-117.4704,4.9330,2000-12-14T04:51:01.000000,1.0
832,35.6719,-117.4816,4.2420,2000-12-14T04:52:01.000000,1.0
833,35.9336,-117.7042,4.4300,2000-12-14T04:53:01.000000,1.0
834,35.6215,-117.4460,5.6550,2000-12-14T04:54:01.000000,1.0
835,35.6787,-117.4854,1.1970,2000-12-14T04:55:01.000000,1.0
836,35.6826,-117.4832,6.4000,2000-12-14T04:56:01.000000,1.0
837,35.5974,-117.4326,7.7640,2000-12-14T04:57:01.000000,1.0
838,35.7162,-117.5212,4.1620,2000-12-14T04:58:01.000000,1.0
839,35.6773,-117.4849,2.7740,2000-12-14T04:59:01.000000,1.0
840,35.7369,-117.5572,8.1680,2000-12-14T05:00:01.000000,1.0
841,35.8808,-117.7125,4.4220,2000-12-14T05:01:01.000000,1.0
842,36.0550,-117.8524,3.6000,2000-12-14T05:02:01.000000,1.0
843,35.9882,-117.6709,2.7190,2000-12-14T05:03:01.000000,1.0
844,35.9062,-117.6906,5.1070,2000-12-14T05:04:01.000000,1.0
845,35.6674,-117.4763,4.8350,2000-12-14T05:05:01.000000,1.0
846,35.6825,-117.4881,1.2060,2000-12-14T05:06:01.000000,1.0
847,35.6069,-117.4633,3.6930,2000-12-14T05:07:01.000000,1.0
848,35.8555,-117.6820,7.9920,2000-12-14T05:08:01.000000,1.0
849,35.5740,-117.3493,3.6890,2000-12-14T05:09:01.000000,1.0
850,35.9074,-117.6903,4.3930,2000-12-14T05:10:01.000000,1.0
851,35.7053,-117.5503,8.5520,2000-12-14T05:11:01.000000,1.0
852,35.5993,-117.3949,7.1080,2000-12-14T05:12:01.000000,1.0
853,36.0230,-117.8523,2.8850,2000-12-14T05:13:01.000000,1.0
854,36.0657,-117.8540,3.4200,2000-12-14T05:14:01.000000,1.0
855,35.8998,-117.6757,4.2840,2000-12-14T05:15:01.000000,1.0
856,35.7531,-117.5734,6.2770,2000-12-14T05:16:01.000000,1.0
857,35.6692,-117.5050,5.9770,2000-12-14T05:17:01.000000,1.0
858,35.9276,-117.7073,4.4700,2000-12-14T05:18:01.000000,1.0
859,36.0588,-117.8549,3.1670,2000-12-14T05:19:01.000000,1.0
860,35.6643,-117.5173,8.5460,2000-12-14T05:20:01.000000,1.0
861,35.6801,-117.5170,8.6840,2000-12-14T05:21:01.000000,1.0
862,35.9190,-117.6979,3.9550,2000-12-14T05:22:01.000000,1.0
863,35.6584,-117.5366,7.8470,2000-12-14T05:23:01.000000,1.0
864,35.6643,-117.4742,7.4240,2000-12-14T05:24:01.000000,1.0
865,35.6663,-117.4824,5.7040,2000-12-14T05:25:01.000000,1.0
866,35.8975,-117.7129,8.0640,2000-12-14T05:26:01.000000,1.0
867,35.9704,-117.6745,3.1210,2000-12-14T05:27:01.000000,1.0
868,35.6853,-117.4852,6.6310,2000-12-14T05:28:01.000000,1.0
869,35.5722,-117.3490,4.0770,2000-12-14T05:29:01.000000,1.0
870,35.9127,-117.6983,5.0140,2000-12-14T05:30:01.000000,1.0
871,35.6724,-117.4778,4.9250,2000-12-14T05:31:01.000000,1.0
872,36.0557,-117.8514,3.5070,2000-12-14T05:32:01.000000,1.0
873,35.6623,-117.5019,5.4580,2000-12-14T05:33:01.000000,1.0
874,35.9019,-117.6811,4.0190,2000-12-14T05:34:01.000000,1.0
875,35.9091,-117.7018,4.9730,2000-12-14T05:35:01.000000,1.0
876,35.9100,-117.6801,2.9160,2000-12-14T05:36:01.000000,1.0
877,35.6367,-117.4410,7.1830,2000-12-14T05:37:01.000000,1.0
878,35.6682,-117.4830,0.7730,2000-12-14T05:38:01.000000,1.0
879,35.5657,-117.3314,2.9360,2000-12-14T05:39:01.000000,1.0
880,35.5769,-117.6252,5.8200,2000-12-14T05:40:01.000000,1.0
881,35.9018,-117.7060,6.9200,2000-12-14T05:41:01.000000,1.0
882,35.7089,-117.5399,8.4150,2000-12-14T05:42:01.000000,1.0
883,35.9013,-117.6817,4.6560,2000-12-14T05:43:01.000000,1.0
884,35.6224,-117.4363,6.7900,2000-12-14T05:44:01.000000,1.0
885,35.8699,-117.7057,5.2080,2000-12-14T05:45:01.000000,1.0
886,35.7459,-117.5366,6.5170,2000-12-14T05:46:01.000000,1.0
887,35.9400,-117.6984,4.1520,2000-12-14T05:47:01.000000,1.0
888,35.9360,-117.7014,4.3340,2000-12-14T05:48:01.000000,1.0
889,35.6767,-117.5487,7.9710,2000-12-14T05:49:01.000000,1.0
890,36.0418,-117.8702,3.1190,2000-12-14T05:50:01.000000,1.0
891,35.7098,-117.5068,7.1290,2000-12-14T05:51:01.000000,1.0
892,35.7226,-117.5584,8.0020,2000-12-14T05:52:01.000000,1.0
893,35.7596,-117.5714,7.4350,2000-12-14T05:53:01.000000,1.0
894,35.9324,-117.7156,6.1670,2000-12-14T05:54:01.000000,1.0
895,35.9690,-117.6621,3.1350,2000-12-14T05:55:01.000000,1.0
896,35.6812,-117.5384,7.6190,2000-12-14T05:56:01.000000,1.0
897,35.7298,-117.5574,8.6640,2000-12-14T05:57:01.000000,1.0
898,35.7225,-117.5298,5.9370,2000-12-14T05:58:01.000000,1.0
899,35.5629,-117.3295,3.3340,2000-12-14T05:59:01.000000,1.0
900,35.8948,-117.7029,6.0520,2000-12-14T06:00:01.000000,1.0
901,35.9267,-117.7140,4.4820,2000-12-14T06:01:01.000000,1.0
902,35.9085,-117.7259,5.1960,2000-12-14T06:02:01.000000,1.0
903,35.9185,-117.6919,4.4780,2000-12-14T06:03:01.000000,1.0
904,35.5938,-117.5841,4.6300,2000-12-14T06:04:01.000000,1.0
905,35.9081,-117.6963,5.2100,2000-12-14T06:05:01.000000,1.0
906,35.8787,-117.6979,7.2460,2000-12-14T06:06:01.000000,1.0
907,35.6025,-117.3954,7.4200,2000-12-14T06:07:01.000000,1.0
908,35.9127,-117.7234,6.9600,2000-12-14T06:08:01.000000,1.0
909,35.6740,-117.4800,5.7550,2000-12-14T06:09:01.000000,1.0
910,35.6227,-117.4426,6.7200,2000-12-14T06:10:01.000000,1.0
911,36.0642,-117.8401,3.7030,2000-12-14T06:11:01.000000,1.0
912,35.6104,-117.4104,5.6040,2000-12-14T06:12:01.000000,1.0
913,36.0503,-117.8583,3.5270,2000-12-14T06:13:01.000000,1.0
914,35.8898,-117.6785,4.6460,2000-12-14T06:14:01.000000,1.0
915,35.8821,-117.6869,8.0660,2000-12-14T06:15:01.000000,1.0
916,35.6841,-117.4781,6.3550,2000-12-14T06:16:01.000000,1.0
917,35.8969,-117.7007,6.3630,2000-12-14T06:17:01.000000,1.0
918,35.9156,-117.7331,5.1230,2000-12-14T06:18:01.000000,1.0
919,35.9280,-117.6939,4.7350,2000-12-14T06:19:01.000000,1.0
920,35.7498,-117.5668,4.5320,2000-12-14T06:20:01.000000,1.0
921,36.0300,-117.8580,2.9560,2000-12-14T06:21:01.000000,1.0
922,35.5752,-117.6202,6.1480,2000-12-14T06:22:01.000000,1.0
923,36.0562,-117.8538,3.0810,2000-12-14T06:23:01.000000,1.0
924,35.9009,-117.7310,6.4000,2000-12-14T06:24:01.000000,1.0
925,35.9211,-117.7263,3.9770,2000-12-14T06:25:01.000000,1.0
926,35.8894,-117.6662,7.7120,2000-12-14T06:26:01.000000,1.0
927,35.9233,-117.6940,4.5920,2000-12-14T06:27:01.000000,1.0
928,35.7392,-117.5582,3.8460,2000-12-14T06:28:01.000000,1.0
929,35.8971,-117.7143,7.8030,2000-12-14T06:29:01.000000,1.0
930,35.7499,-117.5756,6.0820,2000-12-14T06:30:01.000000,1.0
931,36.0410,-117.8677,3.1500,2000-12-14T06:31:01.000000,1.0
932,35.6820,-117.4969,4.8150,2000-12-14T06:32:01.000000,1.0
933,35.9119,-117.7314,4.1100,2000-12-14T06:33:01.000000,1.0
934,35.9583,-117.7029,4.0770,2000-12-14T06:34:01.000000,1.0
935,35.6419,-117.4446,1.9520,2000-12-14T06:35:01.000000,1.0
936,35.6561,-117.5217,9.7940,2000-12-14T06:36:01.000000,1.0
937,36.0488,-117.8476,3.2820,2000-12-14T06:37:01.000000,1.0
938,35.9706,-117.6619,3.7400,2000-12-14T06:38:01.000000,1.0
939,35.7129,-117.5637,6.5940,2000-12-14T06:39:01.000000,1.0
940,35.5757,-117.3569,4.6120,2000-12-14T06:40:01.000000,1.0
941,35.8817,-117.7133,4.5110,2000-12-14T06:41:01.000000,1.0
942,35.8901,-117.6746,7.6230,2000-12-14T06:42:01.000000,1.0
943,35.8830,-117.6992,5.8200,2000-12-14T06:43:01.000000,1.0
944,35.7492,-117.5534,5.3420,2000-12-14T06:44:01.000000,1.0
945,35.7230,-117.5418,4.9810,2000-12-14T06:45:01.000000,1.0
946,35.6807,-117.5089,7.4020,2000-12-14T06:46:01.000000,1.0
947,35.6782,-117.4716,5.3310,2000-12-14T06:47:01.000000,1.0
948,36.0539,-117.8566,3.5600,2000-12-14T06:48:01.000000,1.0
949,35.8635,-117.6704,8.0700,2000-12-14T06:49:01.000000,1.0
950,35.8812,-117.6908,4.5430,2000-12-14T06:50:01.000000,1.0
951,35.6039,-117.3988,7.0920,2000-12-14T06:51:01.000000,1.0
952,35.9087,-117.6948,4.7660,2000-12-14T06:52:01.000000,1.0
953,35.5709,-117.5982,6.7460,2000-12-14T06:53:01.000000,1.0
954,35.6457,-117.4959,6.2310,2000-12-14T06:54:01.000000,1.0
955,35.6767,-117.4998,5.5530,2000-12-14T06:55:01.000000,1.0
956,35.8885,-117.6749,7.4680,2000-12-14T06:56:01.000000,1.0
957,35.9248,-117.7186,4.3390,2000-12-14T06:57:01.000000,1.0
958,35.9246,-117.7036,4.5600,2000-12-14T06:58:01.000000,1.0
959,35.7465,-117.5706,4.8470,2000-12-14T06:59:01.000000,1.0
960,35.7364,-117.5654,3.6350,2000-12-14T07:00:01.000000,1.0
961,35.6001,-117.5825,4.1820,2000-12-14T07:01:01.000000,1.0
962,35.9218,-117.7128,6.4830,2000-12-14T07:02:01.000000,1.0
963,35.5726,-117.3490,3.9810,2000-12-14T07:03:01.000000,1.0
964,35.7618,-117.5726,7.1000,2000-12-14T07:04:01.000000,1.0
965,35.6708,-117.5189,9.1110,2000-12-14T07:05:01.000000,1.0
966,35.6013,-117.4314,5.8220,2000-12-14T07:06:01.000000,1.0
967,35.9415,-117.6958,4.3620,2000-12-14T07:07:01.000000,1.0
968,35.7139,-117.5478,5.4040,2000-12-14T07:08:01.000000,1.0
969,35.6717,-117.4838,4.7140,2000-12-14T07:09:01.000000,1.0
970,35.6642,-117.5174,8.5800,2000-12-14T07:10:01.000000,1.0
971,35.6563,-117.4678,5.2400,2000-12-14T07:11:01.000000,1.0
972,35.6693,-117.4812,2.3750,2000-12-14T07:12:01.000000,1.0
973,35.9142,-117.6899,4.8840,2000-12-14T07:13:01.000000,1.0
974,35.6008,-117.5967,5.2700,2000-12-14T07:14:01.000000,1.0
975,35.7330,-117.5360,6.1300,2000-12-14T07:15:01.000000,1.0
976,35.6826,-117.5337,7.2630,2000-12-14T07:16:01.000000,1.0
977,35.7027,-117.5174,9.1390,2000-12-14T07:17:01.000000,1.0
978,35.6636,-117.4807,6.0450,2000-12-14T07:18:01.000000,1.0
979,35.5978,-117.5894,4.5100,2000-12-14T07:19:01.000000,1.0
980,35.9169,-117.7297,4.2320,2000-12-14T07:20:01.000000,1.0
981,35.6421,-117.4519,3.7530,2000-12-14T07:21:01.000000,1.0
982,35.9335,-117.6969,4.2320,2000-12-14T07:22:01.000000,1.0
983,35.6867,-117.5317,8.0040,2000-12-14T07:23:01.000000,1.0
984,35.8925,-117.7253,6.6630,2000-12-14T07:24:01.000000,1.0
985,35.6737,-117.4835,6.0570,2000-12-14T07:25:01.000000,1.0
986,35.9213,-117.6830,4.2860,2000-12-14T07:26:01.000000,1.0
987,35.6523,-117.5198,9.4200,2000-12-14T07:27:01.000000,1.0
988,35.6489,-117.4584,2.4770,2000-12-14T07:28:01.000000,1.0
989,36.0679,-117.8570,3.2520,2000-12-14T07:29:01.000000,1.0
990,35.8698,-117.6871,8.3950,2000-12-14T07:30:01.000000,1.0
991,35.7534,-117.5727,7.1100,2000-12-14T07:31:01.000000,1.0
992,35.8209,-117.6433,4.1510,2000-12-14T07:32:01.000000,1.0
993,35.9231,-117.6972,4.4080,2000-12-14T07:33:01.000000,1.0
994,35.6697,-117.4722,4.4380,2000-12-14T07:34:01.000000,1.0
995,35.8675,-117.7027,5.0700,2000-12-14T07:35:01.000000,1.0
996,35.9506,-117.6969,4.9110,2000-12-14T07:36:01.000000,1.0
997,35.9273,-117.6949,4.9770,2000-12-14T07:37:01.000000,1.0
998,35.9225,-117.6910,4.8130,2000-12-14T07:38:01.000000,1.0
999,35.6990,-117.5091,7.8900,2000-12-14T07:39:01.000000,1.0
1000,35.6570,-117.4809,6.9710,2000-12-14T07:40:01.000000,1.0
